DATAFLOW,LAST UPDATE,freq,unit,na_item,geo,TIME_PERIOD,OBS_VALUE,OBS_FLAG
ESTAT:SDG_08_10(1.0),14/02/24 23:00:00,A,CLV10_EUR_HAB,B1GQ,AL,2000,1700,
ESTAT:SDG_08_10(1.0),14/02/24 23:00:00,A,CLV10_EUR_HAB,B1GQ,AL,2001,1850,
ESTAT:SDG_08_10(1.0),14/02/24 23:00:00,A,CLV10_EUR_HAB,B1GQ,AL,2002,1940,
ESTAT:SDG_08_10(1.0),14/02/24 23:00:00,A,CLV10_EUR_HAB,B1GQ,AL,2003,2060,
ESTAT:SDG_08_10(1.0),14/02/24 23:00:00,A,CLV10_EUR_HAB,B1GQ,AL,2004,2180,
ESTAT:SDG_08_10(1.0),14/02/24 23:00:00,A,CLV10_EUR_HAB,B1GQ,AL,2005,2310,
ESTAT:SDG_08_10(1.0),14/02/24 23:00:00,A,CLV10_EUR_HAB,B1GQ,AL,2006,2460,
ESTAT:SDG_08_10(1.0),14/02/24 23:00:00,A,CLV10_EUR_HAB,B1GQ,AL,2007,2630,
ESTAT:SDG_08_10(1.0),14/02/24 23:00:00,A,CLV10_EUR_HAB,B1GQ,AL,2008,2850,d
ESTAT:SDG_08_10(1.0),14/02/24 23:00:00,A,CLV10_EUR_HAB,B1GQ,AL,2009,2960,
ESTAT:SDG_08_10(1.0),14/02/24 23:00:00,A,CLV10_EUR_HAB,B1GQ,AL,2010,3090,
ESTAT:SDG_08_10(1.0),14/02/24 23:00:00,A,CLV10_EUR_HAB,B1GQ,AL,2011,3180,
ESTAT:SDG_08_10(1.0),14/02/24 23:00:00,A,CLV10_EUR_HAB,B1GQ,AL,2012,3230,
ESTAT:SDG_08_10(1.0),14/02/24 23:00:00,A,CLV10_EUR_HAB,B1GQ,AL,2013,3260,d
ESTAT:SDG_08_10(1.0),14/02/24 23:00:00,A,CLV10_EUR_HAB,B1GQ,AL,2014,3330,
ESTAT:SDG_08_10(1.0),14/02/24 23:00:00,A,CLV10_EUR_HAB,B1GQ,AL,2015,3410,
ESTAT:SDG_08_10(1.0),14/02/24 23:00:00,A,CLV10_EUR_HAB,B1GQ,AL,2016,3530,
ESTAT:SDG_08_10(1.0),14/02/24 23:00:00,A,CLV10_EUR_HAB,B1GQ,AL,2017,3670,
ESTAT:SDG_08_10(1.0),14/02/24 23:00:00,A,CLV10_EUR_HAB,B1GQ,AL,2018,3830,
ESTAT:SDG_08_10(1.0),14/02/24 23:00:00,A,CLV10_EUR_HAB,B1GQ,AL,2019,3920,
ESTAT:SDG_08_10(1.0),14/02/24 23:00:00,A,CLV10_EUR_HAB,B1GQ,AL,2020,3810,p
ESTAT:SDG_08_10(1.0),14/02/24 23:00:00,A,CLV10_EUR_HAB,B1GQ,AT,2000,31710,
ESTAT:SDG_08_10(1.0),14/02/24 23:00:00,A,CLV10_EUR_HAB,B1GQ,AT,2001,31990,
ESTAT:SDG_08_10(1.0),14/02/24 23:00:00,A,CLV10_EUR_HAB,B1GQ,AT,2002,32360,
ESTAT:SDG_08_10(1.0),14/02/24 23:00:00,A,CLV10_EUR_HAB,B1GQ,AT,2003,32520,
ESTAT:SDG_08_10(1.0),14/02/24 23:00:00,A,CLV10_EUR_HAB,B1GQ,AT,2004,33200,
ESTAT:SDG_08_10(1.0),14/02/24 23:00:00,A,CLV10_EUR_HAB,B1GQ,AT,2005,33710,
ESTAT:SDG_08_10(1.0),14/02/24 23:00:00,A,CLV10_EUR_HAB,B1GQ,AT,2006,34700,
ESTAT:SDG_08_10(1.0),14/02/24 23:00:00,A,CLV10_EUR_HAB,B1GQ,AT,2007,35870,
ESTAT:SDG_08_10(1.0),14/02/24 23:00:00,A,CLV10_EUR_HAB,B1GQ,AT,2008,36280,
ESTAT:SDG_08_10(1.0),14/02/24 23:00:00,A,CLV10_EUR_HAB,B1GQ,AT,2009,34830,
ESTAT:SDG_08_10(1.0),14/02/24 23:00:00,A,CLV10_EUR_HAB,B1GQ,AT,2010,35390,
ESTAT:SDG_08_10(1.0),14/02/24 23:00:00,A,CLV10_EUR_HAB,B1GQ,AT,2011,36300,
ESTAT:SDG_08_10(1.0),14/02/24 23:00:00,A,CLV10_EUR_HAB,B1GQ,AT,2012,36390,
ESTAT:SDG_08_10(1.0),14/02/24 23:00:00,A,CLV10_EUR_HAB,B1GQ,AT,2013,36180,
ESTAT:SDG_08_10(1.0),14/02/24 23:00:00,A,CLV10_EUR_HAB,B1GQ,AT,2014,36130,
ESTAT:SDG_08_10(1.0),14/02/24 23:00:00,A,CLV10_EUR_HAB,B1GQ,AT,2015,36140,
ESTAT:SDG_08_10(1.0),14/02/24 23:00:00,A,CLV10_EUR_HAB,B1GQ,AT,2016,36390,
ESTAT:SDG_08_10(1.0),14/02/24 23:00:00,A,CLV10_EUR_HAB,B1GQ,AT,2017,36980,
ESTAT:SDG_08_10(1.0),14/02/24 23:00:00,A,CLV10_EUR_HAB,B1GQ,AT,2018,37690,
ESTAT:SDG_08_10(1.0),14/02/24 23:00:00,A,CLV10_EUR_HAB,B1GQ,AT,2019,38070,
ESTAT:SDG_08_10(1.0),14/02/24 23:00:00,A,CLV10_EUR_HAB,B1GQ,AT,2020,35390,
ESTAT:SDG_08_10(1.0),14/02/24 23:00:00,A,CLV10_EUR_HAB,B1GQ,AT,2021,36740,
ESTAT:SDG_08_10(1.0),14/02/24 23:00:00,A,CLV10_EUR_HAB,B1GQ,AT,2022,38080,
ESTAT:SDG_08_10(1.0),14/02/24 23:00:00,A,CLV10_EUR_HAB,B1GQ,BE,2000,29890,
ESTAT:SDG_08_10(1.0),14/02/24 23:00:00,A,CLV10_EUR_HAB,B1GQ,BE,2001,30110,
ESTAT:SDG_08_10(1.0),14/02/24 23:00:00,A,CLV10_EUR_HAB,B1GQ,BE,2002,30490,
ESTAT:SDG_08_10(1.0),14/02/24 23:00:00,A,CLV10_EUR_HAB,B1GQ,BE,2003,30680,
ESTAT:SDG_08_10(1.0),14/02/24 23:00:00,A,CLV10_EUR_HAB,B1GQ,BE,2004,31640,
ESTAT:SDG_08_10(1.0),14/02/24 23:00:00,A,CLV10_EUR_HAB,B1GQ,BE,2005,32200,
ESTAT:SDG_08_10(1.0),14/02/24 23:00:00,A,CLV10_EUR_HAB,B1GQ,BE,2006,32800,
ESTAT:SDG_08_10(1.0),14/02/24 23:00:00,A,CLV10_EUR_HAB,B1GQ,BE,2007,33760,
ESTAT:SDG_08_10(1.0),14/02/24 23:00:00,A,CLV10_EUR_HAB,B1GQ,BE,2008,33640,
ESTAT:SDG_08_10(1.0),14/02/24 23:00:00,A,CLV10_EUR_HAB,B1GQ,BE,2009,32700,
ESTAT:SDG_08_10(1.0),14/02/24 23:00:00,A,CLV10_EUR_HAB,B1GQ,BE,2010,33330,
ESTAT:SDG_08_10(1.0),14/02/24 23:00:00,A,CLV10_EUR_HAB,B1GQ,BE,2011,33460,
ESTAT:SDG_08_10(1.0),14/02/24 23:00:00,A,CLV10_EUR_HAB,B1GQ,BE,2012,33490,
ESTAT:SDG_08_10(1.0),14/02/24 23:00:00,A,CLV10_EUR_HAB,B1GQ,BE,2013,33490,
ESTAT:SDG_08_10(1.0),14/02/24 23:00:00,A,CLV10_EUR_HAB,B1GQ,BE,2014,33870,
ESTAT:SDG_08_10(1.0),14/02/24 23:00:00,A,CLV10_EUR_HAB,B1GQ,BE,2015,34360,
ESTAT:SDG_08_10(1.0),14/02/24 23:00:00,A,CLV10_EUR_HAB,B1GQ,BE,2016,34620,
ESTAT:SDG_08_10(1.0),14/02/24 23:00:00,A,CLV10_EUR_HAB,B1GQ,BE,2017,35050,
ESTAT:SDG_08_10(1.0),14/02/24 23:00:00,A,CLV10_EUR_HAB,B1GQ,BE,2018,35510,
ESTAT:SDG_08_10(1.0),14/02/24 23:00:00,A,CLV10_EUR_HAB,B1GQ,BE,2019,36110,
ESTAT:SDG_08_10(1.0),14/02/24 23:00:00,A,CLV10_EUR_HAB,B1GQ,BE,2020,34060,
ESTAT:SDG_08_10(1.0),14/02/24 23:00:00,A,CLV10_EUR_HAB,B1GQ,BE,2021,36250,
ESTAT:SDG_08_10(1.0),14/02/24 23:00:00,A,CLV10_EUR_HAB,B1GQ,BE,2022,37040,p
ESTAT:SDG_08_10(1.0),14/02/24 23:00:00,A,CLV10_EUR_HAB,B1GQ,BG,2000,2990,
ESTAT:SDG_08_10(1.0),14/02/24 23:00:00,A,CLV10_EUR_HAB,B1GQ,BG,2001,3210,
ESTAT:SDG_08_10(1.0),14/02/24 23:00:00,A,CLV10_EUR_HAB,B1GQ,BG,2002,3420,
ESTAT:SDG_08_10(1.0),14/02/24 23:00:00,A,CLV10_EUR_HAB,B1GQ,BG,2003,3620,
ESTAT:SDG_08_10(1.0),14/02/24 23:00:00,A,CLV10_EUR_HAB,B1GQ,BG,2004,3870,
ESTAT:SDG_08_10(1.0),14/02/24 23:00:00,A,CLV10_EUR_HAB,B1GQ,BG,2005,4170,
ESTAT:SDG_08_10(1.0),14/02/24 23:00:00,A,CLV10_EUR_HAB,B1GQ,BG,2006,4480,
ESTAT:SDG_08_10(1.0),14/02/24 23:00:00,A,CLV10_EUR_HAB,B1GQ,BG,2007,4800,
ESTAT:SDG_08_10(1.0),14/02/24 23:00:00,A,CLV10_EUR_HAB,B1GQ,BG,2008,5120,
ESTAT:SDG_08_10(1.0),14/02/24 23:00:00,A,CLV10_EUR_HAB,B1GQ,BG,2009,4970,
ESTAT:SDG_08_10(1.0),14/02/24 23:00:00,A,CLV10_EUR_HAB,B1GQ,BG,2010,5080,
ESTAT:SDG_08_10(1.0),14/02/24 23:00:00,A,CLV10_EUR_HAB,B1GQ,BG,2011,5320,
ESTAT:SDG_08_10(1.0),14/02/24 23:00:00,A,CLV10_EUR_HAB,B1GQ,BG,2012,5390,
ESTAT:SDG_08_10(1.0),14/02/24 23:00:00,A,CLV10_EUR_HAB,B1GQ,BG,2013,5390,
ESTAT:SDG_08_10(1.0),14/02/24 23:00:00,A,CLV10_EUR_HAB,B1GQ,BG,2014,5470,
ESTAT:SDG_08_10(1.0),14/02/24 23:00:00,A,CLV10_EUR_HAB,B1GQ,BG,2015,5700,
ESTAT:SDG_08_10(1.0),14/02/24 23:00:00,A,CLV10_EUR_HAB,B1GQ,BG,2016,5910,
ESTAT:SDG_08_10(1.0),14/02/24 23:00:00,A,CLV10_EUR_HAB,B1GQ,BG,2017,6120,
ESTAT:SDG_08_10(1.0),14/02/24 23:00:00,A,CLV10_EUR_HAB,B1GQ,BG,2018,6330,
ESTAT:SDG_08_10(1.0),14/02/24 23:00:00,A,CLV10_EUR_HAB,B1GQ,BG,2019,6630,
ESTAT:SDG_08_10(1.0),14/02/24 23:00:00,A,CLV10_EUR_HAB,B1GQ,BG,2020,6400,
ESTAT:SDG_08_10(1.0),14/02/24 23:00:00,A,CLV10_EUR_HAB,B1GQ,BG,2021,6950,
ESTAT:SDG_08_10(1.0),14/02/24 23:00:00,A,CLV10_EUR_HAB,B1GQ,BG,2022,7680,b
ESTAT:SDG_08_10(1.0),14/02/24 23:00:00,A,CLV10_EUR_HAB,B1GQ,CH,2000,51950,
ESTAT:SDG_08_10(1.0),14/02/24 23:00:00,A,CLV10_EUR_HAB,B1GQ,CH,2001,52510,
ESTAT:SDG_08_10(1.0),14/02/24 23:00:00,A,CLV10_EUR_HAB,B1GQ,CH,2002,52100,
ESTAT:SDG_08_10(1.0),14/02/24 23:00:00,A,CLV10_EUR_HAB,B1GQ,CH,2003,51700,
ESTAT:SDG_08_10(1.0),14/02/24 23:00:00,A,CLV10_EUR_HAB,B1GQ,CH,2004,52750,
ESTAT:SDG_08_10(1.0),14/02/24 23:00:00,A,CLV10_EUR_HAB,B1GQ,CH,2005,53880,
ESTAT:SDG_08_10(1.0),14/02/24 23:00:00,A,CLV10_EUR_HAB,B1GQ,CH,2006,55730,
ESTAT:SDG_08_10(1.0),14/02/24 23:00:00,A,CLV10_EUR_HAB,B1GQ,CH,2007,57400,
ESTAT:SDG_08_10(1.0),14/02/24 23:00:00,A,CLV10_EUR_HAB,B1GQ,CH,2008,58310,
ESTAT:SDG_08_10(1.0),14/02/24 23:00:00,A,CLV10_EUR_HAB,B1GQ,CH,2009,56340,
ESTAT:SDG_08_10(1.0),14/02/24 23:00:00,A,CLV10_EUR_HAB,B1GQ,CH,2010,57730,
ESTAT:SDG_08_10(1.0),14/02/24 23:00:00,A,CLV10_EUR_HAB,B1GQ,CH,2011,58220,
ESTAT:SDG_08_10(1.0),14/02/24 23:00:00,A,CLV10_EUR_HAB,B1GQ,CH,2012,58290,
ESTAT:SDG_08_10(1.0),14/02/24 23:00:00,A,CLV10_EUR_HAB,B1GQ,CH,2013,58650,
ESTAT:SDG_08_10(1.0),14/02/24 23:00:00,A,CLV10_EUR_HAB,B1GQ,CH,2014,59300,
ESTAT:SDG_08_10(1.0),14/02/24 23:00:00,A,CLV10_EUR_HAB,B1GQ,CH,2015,59600,
ESTAT:SDG_08_10(1.0),14/02/24 23:00:00,A,CLV10_EUR_HAB,B1GQ,CH,2016,60170,
ESTAT:SDG_08_10(1.0),14/02/24 23:00:00,A,CLV10_EUR_HAB,B1GQ,CH,2017,60420,
ESTAT:SDG_08_10(1.0),14/02/24 23:00:00,A,CLV10_EUR_HAB,B1GQ,CH,2018,61690,
ESTAT:SDG_08_10(1.0),14/02/24 23:00:00,A,CLV10_EUR_HAB,B1GQ,CH,2019,61950,
ESTAT:SDG_08_10(1.0),14/02/24 23:00:00,A,CLV10_EUR_HAB,B1GQ,CH,2020,60190,
ESTAT:SDG_08_10(1.0),14/02/24 23:00:00,A,CLV10_EUR_HAB,B1GQ,CH,2021,62950,p
ESTAT:SDG_08_10(1.0),14/02/24 23:00:00,A,CLV10_EUR_HAB,B1GQ,CH,2022,64000,p
ESTAT:SDG_08_10(1.0),14/02/24 23:00:00,A,CLV10_EUR_HAB,B1GQ,CY,2000,20130,
ESTAT:SDG_08_10(1.0),14/02/24 23:00:00,A,CLV10_EUR_HAB,B1GQ,CY,2001,20700,
ESTAT:SDG_08_10(1.0),14/02/24 23:00:00,A,CLV10_EUR_HAB,B1GQ,CY,2002,21230,
ESTAT:SDG_08_10(1.0),14/02/24 23:00:00,A,CLV10_EUR_HAB,B1GQ,CY,2003,21520,
ESTAT:SDG_08_10(1.0),14/02/24 23:00:00,A,CLV10_EUR_HAB,B1GQ,CY,2004,22300,
ESTAT:SDG_08_10(1.0),14/02/24 23:00:00,A,CLV10_EUR_HAB,B1GQ,CY,2005,23050,
ESTAT:SDG_08_10(1.0),14/02/24 23:00:00,A,CLV10_EUR_HAB,B1GQ,CY,2006,23740,
ESTAT:SDG_08_10(1.0),14/02/24 23:00:00,A,CLV10_EUR_HAB,B1GQ,CY,2007,24420,
ESTAT:SDG_08_10(1.0),14/02/24 23:00:00,A,CLV10_EUR_HAB,B1GQ,CY,2008,24680,
ESTAT:SDG_08_10(1.0),14/02/24 23:00:00,A,CLV10_EUR_HAB,B1GQ,CY,2009,23550,
ESTAT:SDG_08_10(1.0),14/02/24 23:00:00,A,CLV10_EUR_HAB,B1GQ,CY,2010,23460,
ESTAT:SDG_08_10(1.0),14/02/24 23:00:00,A,CLV10_EUR_HAB,B1GQ,CY,2011,22970,
ESTAT:SDG_08_10(1.0),14/02/24 23:00:00,A,CLV10_EUR_HAB,B1GQ,CY,2012,21840,
ESTAT:SDG_08_10(1.0),14/02/24 23:00:00,A,CLV10_EUR_HAB,B1GQ,CY,2013,20450,
ESTAT:SDG_08_10(1.0),14/02/24 23:00:00,A,CLV10_EUR_HAB,B1GQ,CY,2014,20310,
ESTAT:SDG_08_10(1.0),14/02/24 23:00:00,A,CLV10_EUR_HAB,B1GQ,CY,2015,21120,
ESTAT:SDG_08_10(1.0),14/02/24 23:00:00,A,CLV10_EUR_HAB,B1GQ,CY,2016,22410,
ESTAT:SDG_08_10(1.0),14/02/24 23:00:00,A,CLV10_EUR_HAB,B1GQ,CY,2017,23470,
ESTAT:SDG_08_10(1.0),14/02/24 23:00:00,A,CLV10_EUR_HAB,B1GQ,CY,2018,24500,
ESTAT:SDG_08_10(1.0),14/02/24 23:00:00,A,CLV10_EUR_HAB,B1GQ,CY,2019,25510,
ESTAT:SDG_08_10(1.0),14/02/24 23:00:00,A,CLV10_EUR_HAB,B1GQ,CY,2020,24360,
ESTAT:SDG_08_10(1.0),14/02/24 23:00:00,A,CLV10_EUR_HAB,B1GQ,CY,2021,26530,
ESTAT:SDG_08_10(1.0),14/02/24 23:00:00,A,CLV10_EUR_HAB,B1GQ,CY,2022,27490,p
ESTAT:SDG_08_10(1.0),14/02/24 23:00:00,A,CLV10_EUR_HAB,B1GQ,CZ,2000,11230,
ESTAT:SDG_08_10(1.0),14/02/24 23:00:00,A,CLV10_EUR_HAB,B1GQ,CZ,2001,11620,
ESTAT:SDG_08_10(1.0),14/02/24 23:00:00,A,CLV10_EUR_HAB,B1GQ,CZ,2002,11830,
ESTAT:SDG_08_10(1.0),14/02/24 23:00:00,A,CLV10_EUR_HAB,B1GQ,CZ,2003,12260,
ESTAT:SDG_08_10(1.0),14/02/24 23:00:00,A,CLV10_EUR_HAB,B1GQ,CZ,2004,12840,
ESTAT:SDG_08_10(1.0),14/02/24 23:00:00,A,CLV10_EUR_HAB,B1GQ,CZ,2005,13650,
ESTAT:SDG_08_10(1.0),14/02/24 23:00:00,A,CLV10_EUR_HAB,B1GQ,CZ,2006,14530,
ESTAT:SDG_08_10(1.0),14/02/24 23:00:00,A,CLV10_EUR_HAB,B1GQ,CZ,2007,15250,
ESTAT:SDG_08_10(1.0),14/02/24 23:00:00,A,CLV10_EUR_HAB,B1GQ,CZ,2008,15500,
ESTAT:SDG_08_10(1.0),14/02/24 23:00:00,A,CLV10_EUR_HAB,B1GQ,CZ,2009,14690,
ESTAT:SDG_08_10(1.0),14/02/24 23:00:00,A,CLV10_EUR_HAB,B1GQ,CZ,2010,15020,
ESTAT:SDG_08_10(1.0),14/02/24 23:00:00,A,CLV10_EUR_HAB,B1GQ,CZ,2011,15310,
ESTAT:SDG_08_10(1.0),14/02/24 23:00:00,A,CLV10_EUR_HAB,B1GQ,CZ,2012,15170,
ESTAT:SDG_08_10(1.0),14/02/24 23:00:00,A,CLV10_EUR_HAB,B1GQ,CZ,2013,15160,
ESTAT:SDG_08_10(1.0),14/02/24 23:00:00,A,CLV10_EUR_HAB,B1GQ,CZ,2014,15480,
ESTAT:SDG_08_10(1.0),14/02/24 23:00:00,A,CLV10_EUR_HAB,B1GQ,CZ,2015,16290,
ESTAT:SDG_08_10(1.0),14/02/24 23:00:00,A,CLV10_EUR_HAB,B1GQ,CZ,2016,16670,
ESTAT:SDG_08_10(1.0),14/02/24 23:00:00,A,CLV10_EUR_HAB,B1GQ,CZ,2017,17490,
ESTAT:SDG_08_10(1.0),14/02/24 23:00:00,A,CLV10_EUR_HAB,B1GQ,CZ,2018,17990,
ESTAT:SDG_08_10(1.0),14/02/24 23:00:00,A,CLV10_EUR_HAB,B1GQ,CZ,2019,18460,
ESTAT:SDG_08_10(1.0),14/02/24 23:00:00,A,CLV10_EUR_HAB,B1GQ,CZ,2020,17400,
ESTAT:SDG_08_10(1.0),14/02/24 23:00:00,A,CLV10_EUR_HAB,B1GQ,CZ,2021,18020,
ESTAT:SDG_08_10(1.0),14/02/24 23:00:00,A,CLV10_EUR_HAB,B1GQ,CZ,2022,18460,
ESTAT:SDG_08_10(1.0),14/02/24 23:00:00,A,CLV10_EUR_HAB,B1GQ,DE,2000,28910,
ESTAT:SDG_08_10(1.0),14/02/24 23:00:00,A,CLV10_EUR_HAB,B1GQ,DE,2001,29370,
ESTAT:SDG_08_10(1.0),14/02/24 23:00:00,A,CLV10_EUR_HAB,B1GQ,DE,2002,29290,
ESTAT:SDG_08_10(1.0),14/02/24 23:00:00,A,CLV10_EUR_HAB,B1GQ,DE,2003,29100,
ESTAT:SDG_08_10(1.0),14/02/24 23:00:00,A,CLV10_EUR_HAB,B1GQ,DE,2004,29470,
ESTAT:SDG_08_10(1.0),14/02/24 23:00:00,A,CLV10_EUR_HAB,B1GQ,DE,2005,29730,
ESTAT:SDG_08_10(1.0),14/02/24 23:00:00,A,CLV10_EUR_HAB,B1GQ,DE,2006,30930,
ESTAT:SDG_08_10(1.0),14/02/24 23:00:00,A,CLV10_EUR_HAB,B1GQ,DE,2007,31920,
ESTAT:SDG_08_10(1.0),14/02/24 23:00:00,A,CLV10_EUR_HAB,B1GQ,DE,2008,32320,
ESTAT:SDG_08_10(1.0),14/02/24 23:00:00,A,CLV10_EUR_HAB,B1GQ,DE,2009,30580,
ESTAT:SDG_08_10(1.0),14/02/24 23:00:00,A,CLV10_EUR_HAB,B1GQ,DE,2010,31940,
ESTAT:SDG_08_10(1.0),14/02/24 23:00:00,A,CLV10_EUR_HAB,B1GQ,DE,2011,33200,
ESTAT:SDG_08_10(1.0),14/02/24 23:00:00,A,CLV10_EUR_HAB,B1GQ,DE,2012,33280,
ESTAT:SDG_08_10(1.0),14/02/24 23:00:00,A,CLV10_EUR_HAB,B1GQ,DE,2013,33330,
ESTAT:SDG_08_10(1.0),14/02/24 23:00:00,A,CLV10_EUR_HAB,B1GQ,DE,2014,33920,
ESTAT:SDG_08_10(1.0),14/02/24 23:00:00,A,CLV10_EUR_HAB,B1GQ,DE,2015,34130,
ESTAT:SDG_08_10(1.0),14/02/24 23:00:00,A,CLV10_EUR_HAB,B1GQ,DE,2016,34610,
ESTAT:SDG_08_10(1.0),14/02/24 23:00:00,A,CLV10_EUR_HAB,B1GQ,DE,2017,35410,
ESTAT:SDG_08_10(1.0),14/02/24 23:00:00,A,CLV10_EUR_HAB,B1GQ,DE,2018,35650,
ESTAT:SDG_08_10(1.0),14/02/24 23:00:00,A,CLV10_EUR_HAB,B1GQ,DE,2019,35950,p
ESTAT:SDG_08_10(1.0),14/02/24 23:00:00,A,CLV10_EUR_HAB,B1GQ,DE,2020,34550,p
ESTAT:SDG_08_10(1.0),14/02/24 23:00:00,A,CLV10_EUR_HAB,B1GQ,DE,2021,35630,p
ESTAT:SDG_08_10(1.0),14/02/24 23:00:00,A,CLV10_EUR_HAB,B1GQ,DE,2022,36010,p
ESTAT:SDG_08_10(1.0),14/02/24 23:00:00,A,CLV10_EUR_HAB,B1GQ,DE,2023,35590,p
ESTAT:SDG_08_10(1.0),14/02/24 23:00:00,A,CLV10_EUR_HAB,B1GQ,DK,2000,42190,
ESTAT:SDG_08_10(1.0),14/02/24 23:00:00,A,CLV10_EUR_HAB,B1GQ,DK,2001,42390,
ESTAT:SDG_08_10(1.0),14/02/24 23:00:00,A,CLV10_EUR_HAB,B1GQ,DK,2002,42430,
ESTAT:SDG_08_10(1.0),14/02/24 23:00:00,A,CLV10_EUR_HAB,B1GQ,DK,2003,42490,
ESTAT:SDG_08_10(1.0),14/02/24 23:00:00,A,CLV10_EUR_HAB,B1GQ,DK,2004,43520,
ESTAT:SDG_08_10(1.0),14/02/24 23:00:00,A,CLV10_EUR_HAB,B1GQ,DK,2005,44400,
ESTAT:SDG_08_10(1.0),14/02/24 23:00:00,A,CLV10_EUR_HAB,B1GQ,DK,2006,45990,
ESTAT:SDG_08_10(1.0),14/02/24 23:00:00,A,CLV10_EUR_HAB,B1GQ,DK,2007,46210,
ESTAT:SDG_08_10(1.0),14/02/24 23:00:00,A,CLV10_EUR_HAB,B1GQ,DK,2008,45700,
ESTAT:SDG_08_10(1.0),14/02/24 23:00:00,A,CLV10_EUR_HAB,B1GQ,DK,2009,43220,
ESTAT:SDG_08_10(1.0),14/02/24 23:00:00,A,CLV10_EUR_HAB,B1GQ,DK,2010,43840,
ESTAT:SDG_08_10(1.0),14/02/24 23:00:00,A,CLV10_EUR_HAB,B1GQ,DK,2011,44240,
ESTAT:SDG_08_10(1.0),14/02/24 23:00:00,A,CLV10_EUR_HAB,B1GQ,DK,2012,44170,
ESTAT:SDG_08_10(1.0),14/02/24 23:00:00,A,CLV10_EUR_HAB,B1GQ,DK,2013,44410,
ESTAT:SDG_08_10(1.0),14/02/24 23:00:00,A,CLV10_EUR_HAB,B1GQ,DK,2014,44890,
ESTAT:SDG_08_10(1.0),14/02/24 23:00:00,A,CLV10_EUR_HAB,B1GQ,DK,2015,45630,
ESTAT:SDG_08_10(1.0),14/02/24 23:00:00,A,CLV10_EUR_HAB,B1GQ,DK,2016,46720,
ESTAT:SDG_08_10(1.0),14/02/24 23:00:00,A,CLV10_EUR_HAB,B1GQ,DK,2017,47740,
ESTAT:SDG_08_10(1.0),14/02/24 23:00:00,A,CLV10_EUR_HAB,B1GQ,DK,2018,48450,
ESTAT:SDG_08_10(1.0),14/02/24 23:00:00,A,CLV10_EUR_HAB,B1GQ,DK,2019,48970,
ESTAT:SDG_08_10(1.0),14/02/24 23:00:00,A,CLV10_EUR_HAB,B1GQ,DK,2020,47680,
ESTAT:SDG_08_10(1.0),14/02/24 23:00:00,A,CLV10_EUR_HAB,B1GQ,DK,2021,50740,
ESTAT:SDG_08_10(1.0),14/02/24 23:00:00,A,CLV10_EUR_HAB,B1GQ,DK,2022,51660,
ESTAT:SDG_08_10(1.0),14/02/24 23:00:00,A,CLV10_EUR_HAB,B1GQ,EA19,2000,26490,
ESTAT:SDG_08_10(1.0),14/02/24 23:00:00,A,CLV10_EUR_HAB,B1GQ,EA19,2001,26980,
ESTAT:SDG_08_10(1.0),14/02/24 23:00:00,A,CLV10_EUR_HAB,B1GQ,EA19,2002,27090,
ESTAT:SDG_08_10(1.0),14/02/24 23:00:00,A,CLV10_EUR_HAB,B1GQ,EA19,2003,27120,
ESTAT:SDG_08_10(1.0),14/02/24 23:00:00,A,CLV10_EUR_HAB,B1GQ,EA19,2004,27590,
ESTAT:SDG_08_10(1.0),14/02/24 23:00:00,A,CLV10_EUR_HAB,B1GQ,EA19,2005,27900,
ESTAT:SDG_08_10(1.0),14/02/24 23:00:00,A,CLV10_EUR_HAB,B1GQ,EA19,2006,28670,
ESTAT:SDG_08_10(1.0),14/02/24 23:00:00,A,CLV10_EUR_HAB,B1GQ,EA19,2007,29370,
ESTAT:SDG_08_10(1.0),14/02/24 23:00:00,A,CLV10_EUR_HAB,B1GQ,EA19,2008,29340,
ESTAT:SDG_08_10(1.0),14/02/24 23:00:00,A,CLV10_EUR_HAB,B1GQ,EA19,2009,27930,
ESTAT:SDG_08_10(1.0),14/02/24 23:00:00,A,CLV10_EUR_HAB,B1GQ,EA19,2010,28460,
ESTAT:SDG_08_10(1.0),14/02/24 23:00:00,A,CLV10_EUR_HAB,B1GQ,EA19,2011,28870,
ESTAT:SDG_08_10(1.0),14/02/24 23:00:00,A,CLV10_EUR_HAB,B1GQ,EA19,2012,28560,
ESTAT:SDG_08_10(1.0),14/02/24 23:00:00,A,CLV10_EUR_HAB,B1GQ,EA19,2013,28450,
ESTAT:SDG_08_10(1.0),14/02/24 23:00:00,A,CLV10_EUR_HAB,B1GQ,EA19,2014,28790,
ESTAT:SDG_08_10(1.0),14/02/24 23:00:00,A,CLV10_EUR_HAB,B1GQ,EA19,2015,29290,
ESTAT:SDG_08_10(1.0),14/02/24 23:00:00,A,CLV10_EUR_HAB,B1GQ,EA19,2016,29740,
ESTAT:SDG_08_10(1.0),14/02/24 23:00:00,A,CLV10_EUR_HAB,B1GQ,EA19,2017,30450,
ESTAT:SDG_08_10(1.0),14/02/24 23:00:00,A,CLV10_EUR_HAB,B1GQ,EA19,2018,30910,
ESTAT:SDG_08_10(1.0),14/02/24 23:00:00,A,CLV10_EUR_HAB,B1GQ,EA19,2019,31300,
ESTAT:SDG_08_10(1.0),14/02/24 23:00:00,A,CLV10_EUR_HAB,B1GQ,EA19,2020,29360,
ESTAT:SDG_08_10(1.0),14/02/24 23:00:00,A,CLV10_EUR_HAB,B1GQ,EA19,2021,31080,
ESTAT:SDG_08_10(1.0),14/02/24 23:00:00,A,CLV10_EUR_HAB,B1GQ,EA19,2022,31980,
ESTAT:SDG_08_10(1.0),14/02/24 23:00:00,A,CLV10_EUR_HAB,B1GQ,EA20,2000,26240,
ESTAT:SDG_08_10(1.0),14/02/24 23:00:00,A,CLV10_EUR_HAB,B1GQ,EA20,2001,26740,
ESTAT:SDG_08_10(1.0),14/02/24 23:00:00,A,CLV10_EUR_HAB,B1GQ,EA20,2002,26850,
ESTAT:SDG_08_10(1.0),14/02/24 23:00:00,A,CLV10_EUR_HAB,B1GQ,EA20,2003,26890,
ESTAT:SDG_08_10(1.0),14/02/24 23:00:00,A,CLV10_EUR_HAB,B1GQ,EA20,2004,27360,
ESTAT:SDG_08_10(1.0),14/02/24 23:00:00,A,CLV10_EUR_HAB,B1GQ,EA20,2005,27670,
ESTAT:SDG_08_10(1.0),14/02/24 23:00:00,A,CLV10_EUR_HAB,B1GQ,EA20,2006,28440,
ESTAT:SDG_08_10(1.0),14/02/24 23:00:00,A,CLV10_EUR_HAB,B1GQ,EA20,2007,29140,
ESTAT:SDG_08_10(1.0),14/02/24 23:00:00,A,CLV10_EUR_HAB,B1GQ,EA20,2008,29120,
ESTAT:SDG_08_10(1.0),14/02/24 23:00:00,A,CLV10_EUR_HAB,B1GQ,EA20,2009,27720,
ESTAT:SDG_08_10(1.0),14/02/24 23:00:00,A,CLV10_EUR_HAB,B1GQ,EA20,2010,28240,
ESTAT:SDG_08_10(1.0),14/02/24 23:00:00,A,CLV10_EUR_HAB,B1GQ,EA20,2011,28640,
ESTAT:SDG_08_10(1.0),14/02/24 23:00:00,A,CLV10_EUR_HAB,B1GQ,EA20,2012,28330,
ESTAT:SDG_08_10(1.0),14/02/24 23:00:00,A,CLV10_EUR_HAB,B1GQ,EA20,2013,28220,
ESTAT:SDG_08_10(1.0),14/02/24 23:00:00,A,CLV10_EUR_HAB,B1GQ,EA20,2014,28560,
ESTAT:SDG_08_10(1.0),14/02/24 23:00:00,A,CLV10_EUR_HAB,B1GQ,EA20,2015,29060,
ESTAT:SDG_08_10(1.0),14/02/24 23:00:00,A,CLV10_EUR_HAB,B1GQ,EA20,2016,29510,
ESTAT:SDG_08_10(1.0),14/02/24 23:00:00,A,CLV10_EUR_HAB,B1GQ,EA20,2017,30220,
ESTAT:SDG_08_10(1.0),14/02/24 23:00:00,A,CLV10_EUR_HAB,B1GQ,EA20,2018,30690,
ESTAT:SDG_08_10(1.0),14/02/24 23:00:00,A,CLV10_EUR_HAB,B1GQ,EA20,2019,31080,
ESTAT:SDG_08_10(1.0),14/02/24 23:00:00,A,CLV10_EUR_HAB,B1GQ,EA20,2020,29150,
ESTAT:SDG_08_10(1.0),14/02/24 23:00:00,A,CLV10_EUR_HAB,B1GQ,EA20,2021,30880,
ESTAT:SDG_08_10(1.0),14/02/24 23:00:00,A,CLV10_EUR_HAB,B1GQ,EA20,2022,31790,
ESTAT:SDG_08_10(1.0),14/02/24 23:00:00,A,CLV10_EUR_HAB,B1GQ,EE,2000,7540,
ESTAT:SDG_08_10(1.0),14/02/24 23:00:00,A,CLV10_EUR_HAB,B1GQ,EE,2001,8040,
ESTAT:SDG_08_10(1.0),14/02/24 23:00:00,A,CLV10_EUR_HAB,B1GQ,EE,2002,8640,
ESTAT:SDG_08_10(1.0),14/02/24 23:00:00,A,CLV10_EUR_HAB,B1GQ,EE,2003,9350,
ESTAT:SDG_08_10(1.0),14/02/24 23:00:00,A,CLV10_EUR_HAB,B1GQ,EE,2004,10050,
ESTAT:SDG_08_10(1.0),14/02/24 23:00:00,A,CLV10_EUR_HAB,B1GQ,EE,2005,11070,
ESTAT:SDG_08_10(1.0),14/02/24 23:00:00,A,CLV10_EUR_HAB,B1GQ,EE,2006,12230,
ESTAT:SDG_08_10(1.0),14/02/24 23:00:00,A,CLV10_EUR_HAB,B1GQ,EE,2007,13230,
ESTAT:SDG_08_10(1.0),14/02/24 23:00:00,A,CLV10_EUR_HAB,B1GQ,EE,2008,12590,
ESTAT:SDG_08_10(1.0),14/02/24 23:00:00,A,CLV10_EUR_HAB,B1GQ,EE,2009,10770,
ESTAT:SDG_08_10(1.0),14/02/24 23:00:00,A,CLV10_EUR_HAB,B1GQ,EE,2010,11060,
ESTAT:SDG_08_10(1.0),14/02/24 23:00:00,A,CLV10_EUR_HAB,B1GQ,EE,2011,11890,
ESTAT:SDG_08_10(1.0),14/02/24 23:00:00,A,CLV10_EUR_HAB,B1GQ,EE,2012,12320,
ESTAT:SDG_08_10(1.0),14/02/24 23:00:00,A,CLV10_EUR_HAB,B1GQ,EE,2013,12540,
ESTAT:SDG_08_10(1.0),14/02/24 23:00:00,A,CLV10_EUR_HAB,B1GQ,EE,2014,12960,
ESTAT:SDG_08_10(1.0),14/02/24 23:00:00,A,CLV10_EUR_HAB,B1GQ,EE,2015,13230,
ESTAT:SDG_08_10(1.0),14/02/24 23:00:00,A,CLV10_EUR_HAB,B1GQ,EE,2016,13620,
ESTAT:SDG_08_10(1.0),14/02/24 23:00:00,A,CLV10_EUR_HAB,B1GQ,EE,2017,14410,
ESTAT:SDG_08_10(1.0),14/02/24 23:00:00,A,CLV10_EUR_HAB,B1GQ,EE,2018,14920,
ESTAT:SDG_08_10(1.0),14/02/24 23:00:00,A,CLV10_EUR_HAB,B1GQ,EE,2019,15450,
ESTAT:SDG_08_10(1.0),14/02/24 23:00:00,A,CLV10_EUR_HAB,B1GQ,EE,2020,15260,
ESTAT:SDG_08_10(1.0),14/02/24 23:00:00,A,CLV10_EUR_HAB,B1GQ,EE,2021,16350,
ESTAT:SDG_08_10(1.0),14/02/24 23:00:00,A,CLV10_EUR_HAB,B1GQ,EE,2022,16250,
ESTAT:SDG_08_10(1.0),14/02/24 23:00:00,A,CLV10_EUR_HAB,B1GQ,EL,2000,17430,
ESTAT:SDG_08_10(1.0),14/02/24 23:00:00,A,CLV10_EUR_HAB,B1GQ,EL,2001,18050,
ESTAT:SDG_08_10(1.0),14/02/24 23:00:00,A,CLV10_EUR_HAB,B1GQ,EL,2002,18690,
ESTAT:SDG_08_10(1.0),14/02/24 23:00:00,A,CLV10_EUR_HAB,B1GQ,EL,2003,19730,
ESTAT:SDG_08_10(1.0),14/02/24 23:00:00,A,CLV10_EUR_HAB,B1GQ,EL,2004,20670,
ESTAT:SDG_08_10(1.0),14/02/24 23:00:00,A,CLV10_EUR_HAB,B1GQ,EL,2005,20740,
ESTAT:SDG_08_10(1.0),14/02/24 23:00:00,A,CLV10_EUR_HAB,B1GQ,EL,2006,21840,
ESTAT:SDG_08_10(1.0),14/02/24 23:00:00,A,CLV10_EUR_HAB,B1GQ,EL,2007,22500,
ESTAT:SDG_08_10(1.0),14/02/24 23:00:00,A,CLV10_EUR_HAB,B1GQ,EL,2008,22370,
ESTAT:SDG_08_10(1.0),14/02/24 23:00:00,A,CLV10_EUR_HAB,B1GQ,EL,2009,21350,
ESTAT:SDG_08_10(1.0),14/02/24 23:00:00,A,CLV10_EUR_HAB,B1GQ,EL,2010,20150,b
ESTAT:SDG_08_10(1.0),14/02/24 23:00:00,A,CLV10_EUR_HAB,B1GQ,EL,2011,18130,
ESTAT:SDG_08_10(1.0),14/02/24 23:00:00,A,CLV10_EUR_HAB,B1GQ,EL,2012,16940,
ESTAT:SDG_08_10(1.0),14/02/24 23:00:00,A,CLV10_EUR_HAB,B1GQ,EL,2013,16630,
ESTAT:SDG_08_10(1.0),14/02/24 23:00:00,A,CLV10_EUR_HAB,B1GQ,EL,2014,16830,
ESTAT:SDG_08_10(1.0),14/02/24 23:00:00,A,CLV10_EUR_HAB,B1GQ,EL,2015,16900,
ESTAT:SDG_08_10(1.0),14/02/24 23:00:00,A,CLV10_EUR_HAB,B1GQ,EL,2016,16890,
ESTAT:SDG_08_10(1.0),14/02/24 23:00:00,A,CLV10_EUR_HAB,B1GQ,EL,2017,17110,
ESTAT:SDG_08_10(1.0),14/02/24 23:00:00,A,CLV10_EUR_HAB,B1GQ,EL,2018,17430,
ESTAT:SDG_08_10(1.0),14/02/24 23:00:00,A,CLV10_EUR_HAB,B1GQ,EL,2019,17780,
ESTAT:SDG_08_10(1.0),14/02/24 23:00:00,A,CLV10_EUR_HAB,B1GQ,EL,2020,16150,
ESTAT:SDG_08_10(1.0),14/02/24 23:00:00,A,CLV10_EUR_HAB,B1GQ,EL,2021,17600,p
ESTAT:SDG_08_10(1.0),14/02/24 23:00:00,A,CLV10_EUR_HAB,B1GQ,EL,2022,18710,p
ESTAT:SDG_08_10(1.0),14/02/24 23:00:00,A,CLV10_EUR_HAB,B1GQ,ES,2000,21460,
ESTAT:SDG_08_10(1.0),14/02/24 23:00:00,A,CLV10_EUR_HAB,B1GQ,ES,2001,22190,
ESTAT:SDG_08_10(1.0),14/02/24 23:00:00,A,CLV10_EUR_HAB,B1GQ,ES,2002,22430,
ESTAT:SDG_08_10(1.0),14/02/24 23:00:00,A,CLV10_EUR_HAB,B1GQ,ES,2003,22680,
ESTAT:SDG_08_10(1.0),14/02/24 23:00:00,A,CLV10_EUR_HAB,B1GQ,ES,2004,23020,
ESTAT:SDG_08_10(1.0),14/02/24 23:00:00,A,CLV10_EUR_HAB,B1GQ,ES,2005,23420,
ESTAT:SDG_08_10(1.0),14/02/24 23:00:00,A,CLV10_EUR_HAB,B1GQ,ES,2006,24000,
ESTAT:SDG_08_10(1.0),14/02/24 23:00:00,A,CLV10_EUR_HAB,B1GQ,ES,2007,24380,
ESTAT:SDG_08_10(1.0),14/02/24 23:00:00,A,CLV10_EUR_HAB,B1GQ,ES,2008,24200,
ESTAT:SDG_08_10(1.0),14/02/24 23:00:00,A,CLV10_EUR_HAB,B1GQ,ES,2009,23100,
ESTAT:SDG_08_10(1.0),14/02/24 23:00:00,A,CLV10_EUR_HAB,B1GQ,ES,2010,23040,
ESTAT:SDG_08_10(1.0),14/02/24 23:00:00,A,CLV10_EUR_HAB,B1GQ,ES,2011,22770,
ESTAT:SDG_08_10(1.0),14/02/24 23:00:00,A,CLV10_EUR_HAB,B1GQ,ES,2012,22080,
ESTAT:SDG_08_10(1.0),14/02/24 23:00:00,A,CLV10_EUR_HAB,B1GQ,ES,2013,21850,
ESTAT:SDG_08_10(1.0),14/02/24 23:00:00,A,CLV10_EUR_HAB,B1GQ,ES,2014,22220,
ESTAT:SDG_08_10(1.0),14/02/24 23:00:00,A,CLV10_EUR_HAB,B1GQ,ES,2015,23090,
ESTAT:SDG_08_10(1.0),14/02/24 23:00:00,A,CLV10_EUR_HAB,B1GQ,ES,2016,23780,
ESTAT:SDG_08_10(1.0),14/02/24 23:00:00,A,CLV10_EUR_HAB,B1GQ,ES,2017,24440,
ESTAT:SDG_08_10(1.0),14/02/24 23:00:00,A,CLV10_EUR_HAB,B1GQ,ES,2018,24890,
ESTAT:SDG_08_10(1.0),14/02/24 23:00:00,A,CLV10_EUR_HAB,B1GQ,ES,2019,25180,
ESTAT:SDG_08_10(1.0),14/02/24 23:00:00,A,CLV10_EUR_HAB,B1GQ,ES,2020,22250,
ESTAT:SDG_08_10(1.0),14/02/24 23:00:00,A,CLV10_EUR_HAB,B1GQ,ES,2021,23690,p
ESTAT:SDG_08_10(1.0),14/02/24 23:00:00,A,CLV10_EUR_HAB,B1GQ,ES,2022,24910,p
ESTAT:SDG_08_10(1.0),14/02/24 23:00:00,A,CLV10_EUR_HAB,B1GQ,ES,2023,25210,p
ESTAT:SDG_08_10(1.0),14/02/24 23:00:00,A,CLV10_EUR_HAB,B1GQ,EU27_2020,2000,22450,
ESTAT:SDG_08_10(1.0),14/02/24 23:00:00,A,CLV10_EUR_HAB,B1GQ,EU27_2020,2001,22900,
ESTAT:SDG_08_10(1.0),14/02/24 23:00:00,A,CLV10_EUR_HAB,B1GQ,EU27_2020,2002,23100,
ESTAT:SDG_08_10(1.0),14/02/24 23:00:00,A,CLV10_EUR_HAB,B1GQ,EU27_2020,2003,23210,
ESTAT:SDG_08_10(1.0),14/02/24 23:00:00,A,CLV10_EUR_HAB,B1GQ,EU27_2020,2004,23710,
ESTAT:SDG_08_10(1.0),14/02/24 23:00:00,A,CLV10_EUR_HAB,B1GQ,EU27_2020,2005,24070,
ESTAT:SDG_08_10(1.0),14/02/24 23:00:00,A,CLV10_EUR_HAB,B1GQ,EU27_2020,2006,24820,
ESTAT:SDG_08_10(1.0),14/02/24 23:00:00,A,CLV10_EUR_HAB,B1GQ,EU27_2020,2007,25510,
ESTAT:SDG_08_10(1.0),14/02/24 23:00:00,A,CLV10_EUR_HAB,B1GQ,EU27_2020,2008,25590,
ESTAT:SDG_08_10(1.0),14/02/24 23:00:00,A,CLV10_EUR_HAB,B1GQ,EU27_2020,2009,24410,
ESTAT:SDG_08_10(1.0),14/02/24 23:00:00,A,CLV10_EUR_HAB,B1GQ,EU27_2020,2010,24900,
ESTAT:SDG_08_10(1.0),14/02/24 23:00:00,A,CLV10_EUR_HAB,B1GQ,EU27_2020,2011,25330,
ESTAT:SDG_08_10(1.0),14/02/24 23:00:00,A,CLV10_EUR_HAB,B1GQ,EU27_2020,2012,25110,
ESTAT:SDG_08_10(1.0),14/02/24 23:00:00,A,CLV10_EUR_HAB,B1GQ,EU27_2020,2013,25060,
ESTAT:SDG_08_10(1.0),14/02/24 23:00:00,A,CLV10_EUR_HAB,B1GQ,EU27_2020,2014,25430,
ESTAT:SDG_08_10(1.0),14/02/24 23:00:00,A,CLV10_EUR_HAB,B1GQ,EU27_2020,2015,25960,
ESTAT:SDG_08_10(1.0),14/02/24 23:00:00,A,CLV10_EUR_HAB,B1GQ,EU27_2020,2016,26410,
ESTAT:SDG_08_10(1.0),14/02/24 23:00:00,A,CLV10_EUR_HAB,B1GQ,EU27_2020,2017,27110,
ESTAT:SDG_08_10(1.0),14/02/24 23:00:00,A,CLV10_EUR_HAB,B1GQ,EU27_2020,2018,27620,
ESTAT:SDG_08_10(1.0),14/02/24 23:00:00,A,CLV10_EUR_HAB,B1GQ,EU27_2020,2019,28060,
ESTAT:SDG_08_10(1.0),14/02/24 23:00:00,A,CLV10_EUR_HAB,B1GQ,EU27_2020,2020,26450,
ESTAT:SDG_08_10(1.0),14/02/24 23:00:00,A,CLV10_EUR_HAB,B1GQ,EU27_2020,2021,28050,
ESTAT:SDG_08_10(1.0),14/02/24 23:00:00,A,CLV10_EUR_HAB,B1GQ,EU27_2020,2022,28940,
ESTAT:SDG_08_10(1.0),14/02/24 23:00:00,A,CLV10_EUR_HAB,B1GQ,EU28,2000,22990,
ESTAT:SDG_08_10(1.0),14/02/24 23:00:00,A,CLV10_EUR_HAB,B1GQ,EU28,2001,23470,
ESTAT:SDG_08_10(1.0),14/02/24 23:00:00,A,CLV10_EUR_HAB,B1GQ,EU28,2002,23710,
ESTAT:SDG_08_10(1.0),14/02/24 23:00:00,A,CLV10_EUR_HAB,B1GQ,EU28,2003,23930,
ESTAT:SDG_08_10(1.0),14/02/24 23:00:00,A,CLV10_EUR_HAB,B1GQ,EU28,2004,24430,
ESTAT:SDG_08_10(1.0),14/02/24 23:00:00,A,CLV10_EUR_HAB,B1GQ,EU28,2005,24830,
ESTAT:SDG_08_10(1.0),14/02/24 23:00:00,A,CLV10_EUR_HAB,B1GQ,EU28,2006,25570,
ESTAT:SDG_08_10(1.0),14/02/24 23:00:00,A,CLV10_EUR_HAB,B1GQ,EU28,2007,26230,
ESTAT:SDG_08_10(1.0),14/02/24 23:00:00,A,CLV10_EUR_HAB,B1GQ,EU28,2008,26250,
ESTAT:SDG_08_10(1.0),14/02/24 23:00:00,A,CLV10_EUR_HAB,B1GQ,EU28,2009,25040,
ESTAT:SDG_08_10(1.0),14/02/24 23:00:00,A,CLV10_EUR_HAB,B1GQ,EU28,2010,25520,
ESTAT:SDG_08_10(1.0),14/02/24 23:00:00,A,CLV10_EUR_HAB,B1GQ,EU28,2011,25910,
ESTAT:SDG_08_10(1.0),14/02/24 23:00:00,A,CLV10_EUR_HAB,B1GQ,EU28,2012,25750,
ESTAT:SDG_08_10(1.0),14/02/24 23:00:00,A,CLV10_EUR_HAB,B1GQ,EU28,2013,25780,
ESTAT:SDG_08_10(1.0),14/02/24 23:00:00,A,CLV10_EUR_HAB,B1GQ,EU28,2014,26180,
ESTAT:SDG_08_10(1.0),14/02/24 23:00:00,A,CLV10_EUR_HAB,B1GQ,EU28,2015,26710,
ESTAT:SDG_08_10(1.0),14/02/24 23:00:00,A,CLV10_EUR_HAB,B1GQ,EU28,2016,27140,
ESTAT:SDG_08_10(1.0),14/02/24 23:00:00,A,CLV10_EUR_HAB,B1GQ,EU28,2017,27800,
ESTAT:SDG_08_10(1.0),14/02/24 23:00:00,A,CLV10_EUR_HAB,B1GQ,EU28,2018,28270,
ESTAT:SDG_08_10(1.0),14/02/24 23:00:00,A,CLV10_EUR_HAB,B1GQ,EU28,2019,28690,
ESTAT:SDG_08_10(1.0),14/02/24 23:00:00,A,CLV10_EUR_HAB,B1GQ,FI,2000,30510,
ESTAT:SDG_08_10(1.0),14/02/24 23:00:00,A,CLV10_EUR_HAB,B1GQ,FI,2001,31230,
ESTAT:SDG_08_10(1.0),14/02/24 23:00:00,A,CLV10_EUR_HAB,B1GQ,FI,2002,31690,
ESTAT:SDG_08_10(1.0),14/02/24 23:00:00,A,CLV10_EUR_HAB,B1GQ,FI,2003,32250,
ESTAT:SDG_08_10(1.0),14/02/24 23:00:00,A,CLV10_EUR_HAB,B1GQ,FI,2004,33440,
ESTAT:SDG_08_10(1.0),14/02/24 23:00:00,A,CLV10_EUR_HAB,B1GQ,FI,2005,34250,
ESTAT:SDG_08_10(1.0),14/02/24 23:00:00,A,CLV10_EUR_HAB,B1GQ,FI,2006,35490,
ESTAT:SDG_08_10(1.0),14/02/24 23:00:00,A,CLV10_EUR_HAB,B1GQ,FI,2007,37210,
ESTAT:SDG_08_10(1.0),14/02/24 23:00:00,A,CLV10_EUR_HAB,B1GQ,FI,2008,37330,
ESTAT:SDG_08_10(1.0),14/02/24 23:00:00,A,CLV10_EUR_HAB,B1GQ,FI,2009,34150,
ESTAT:SDG_08_10(1.0),14/02/24 23:00:00,A,CLV10_EUR_HAB,B1GQ,FI,2010,35080,
ESTAT:SDG_08_10(1.0),14/02/24 23:00:00,A,CLV10_EUR_HAB,B1GQ,FI,2011,35810,
ESTAT:SDG_08_10(1.0),14/02/24 23:00:00,A,CLV10_EUR_HAB,B1GQ,FI,2012,35140,
ESTAT:SDG_08_10(1.0),14/02/24 23:00:00,A,CLV10_EUR_HAB,B1GQ,FI,2013,34660,
ESTAT:SDG_08_10(1.0),14/02/24 23:00:00,A,CLV10_EUR_HAB,B1GQ,FI,2014,34390,
ESTAT:SDG_08_10(1.0),14/02/24 23:00:00,A,CLV10_EUR_HAB,B1GQ,FI,2015,34460,
ESTAT:SDG_08_10(1.0),14/02/24 23:00:00,A,CLV10_EUR_HAB,B1GQ,FI,2016,35330,
ESTAT:SDG_08_10(1.0),14/02/24 23:00:00,A,CLV10_EUR_HAB,B1GQ,FI,2017,36380,
ESTAT:SDG_08_10(1.0),14/02/24 23:00:00,A,CLV10_EUR_HAB,B1GQ,FI,2018,36740,
ESTAT:SDG_08_10(1.0),14/02/24 23:00:00,A,CLV10_EUR_HAB,B1GQ,FI,2019,37150,
ESTAT:SDG_08_10(1.0),14/02/24 23:00:00,A,CLV10_EUR_HAB,B1GQ,FI,2020,36220,
ESTAT:SDG_08_10(1.0),14/02/24 23:00:00,A,CLV10_EUR_HAB,B1GQ,FI,2021,37170,
ESTAT:SDG_08_10(1.0),14/02/24 23:00:00,A,CLV10_EUR_HAB,B1GQ,FI,2022,37670,
ESTAT:SDG_08_10(1.0),14/02/24 23:00:00,A,CLV10_EUR_HAB,B1GQ,FR,2000,28930,
ESTAT:SDG_08_10(1.0),14/02/24 23:00:00,A,CLV10_EUR_HAB,B1GQ,FR,2001,29290,
ESTAT:SDG_08_10(1.0),14/02/24 23:00:00,A,CLV10_EUR_HAB,B1GQ,FR,2002,29410,
ESTAT:SDG_08_10(1.0),14/02/24 23:00:00,A,CLV10_EUR_HAB,B1GQ,FR,2003,29440,
ESTAT:SDG_08_10(1.0),14/02/24 23:00:00,A,CLV10_EUR_HAB,B1GQ,FR,2004,30050,
ESTAT:SDG_08_10(1.0),14/02/24 23:00:00,A,CLV10_EUR_HAB,B1GQ,FR,2005,30320,
ESTAT:SDG_08_10(1.0),14/02/24 23:00:00,A,CLV10_EUR_HAB,B1GQ,FR,2006,30850,
ESTAT:SDG_08_10(1.0),14/02/24 23:00:00,A,CLV10_EUR_HAB,B1GQ,FR,2007,31400,
ESTAT:SDG_08_10(1.0),14/02/24 23:00:00,A,CLV10_EUR_HAB,B1GQ,FR,2008,31310,
ESTAT:SDG_08_10(1.0),14/02/24 23:00:00,A,CLV10_EUR_HAB,B1GQ,FR,2009,30250,
ESTAT:SDG_08_10(1.0),14/02/24 23:00:00,A,CLV10_EUR_HAB,B1GQ,FR,2010,30690,
ESTAT:SDG_08_10(1.0),14/02/24 23:00:00,A,CLV10_EUR_HAB,B1GQ,FR,2011,31210,
ESTAT:SDG_08_10(1.0),14/02/24 23:00:00,A,CLV10_EUR_HAB,B1GQ,FR,2012,31160,
ESTAT:SDG_08_10(1.0),14/02/24 23:00:00,A,CLV10_EUR_HAB,B1GQ,FR,2013,31170,
ESTAT:SDG_08_10(1.0),14/02/24 23:00:00,A,CLV10_EUR_HAB,B1GQ,FR,2014,31320,
ESTAT:SDG_08_10(1.0),14/02/24 23:00:00,A,CLV10_EUR_HAB,B1GQ,FR,2015,31540,
ESTAT:SDG_08_10(1.0),14/02/24 23:00:00,A,CLV10_EUR_HAB,B1GQ,FR,2016,31770,
ESTAT:SDG_08_10(1.0),14/02/24 23:00:00,A,CLV10_EUR_HAB,B1GQ,FR,2017,32360,
ESTAT:SDG_08_10(1.0),14/02/24 23:00:00,A,CLV10_EUR_HAB,B1GQ,FR,2018,32800,
ESTAT:SDG_08_10(1.0),14/02/24 23:00:00,A,CLV10_EUR_HAB,B1GQ,FR,2019,33250,
ESTAT:SDG_08_10(1.0),14/02/24 23:00:00,A,CLV10_EUR_HAB,B1GQ,FR,2020,30630,
ESTAT:SDG_08_10(1.0),14/02/24 23:00:00,A,CLV10_EUR_HAB,B1GQ,FR,2021,32490,p
ESTAT:SDG_08_10(1.0),14/02/24 23:00:00,A,CLV10_EUR_HAB,B1GQ,FR,2022,33180,p
ESTAT:SDG_08_10(1.0),14/02/24 23:00:00,A,CLV10_EUR_HAB,B1GQ,HR,2000,7940,
ESTAT:SDG_08_10(1.0),14/02/24 23:00:00,A,CLV10_EUR_HAB,B1GQ,HR,2001,8510,b
ESTAT:SDG_08_10(1.0),14/02/24 23:00:00,A,CLV10_EUR_HAB,B1GQ,HR,2002,8990,
ESTAT:SDG_08_10(1.0),14/02/24 23:00:00,A,CLV10_EUR_HAB,B1GQ,HR,2003,9500,
ESTAT:SDG_08_10(1.0),14/02/24 23:00:00,A,CLV10_EUR_HAB,B1GQ,HR,2004,9890,
ESTAT:SDG_08_10(1.0),14/02/24 23:00:00,A,CLV10_EUR_HAB,B1GQ,HR,2005,10310,
ESTAT:SDG_08_10(1.0),14/02/24 23:00:00,A,CLV10_EUR_HAB,B1GQ,HR,2006,10830,
ESTAT:SDG_08_10(1.0),14/02/24 23:00:00,A,CLV10_EUR_HAB,B1GQ,HR,2007,11380,
ESTAT:SDG_08_10(1.0),14/02/24 23:00:00,A,CLV10_EUR_HAB,B1GQ,HR,2008,11610,
ESTAT:SDG_08_10(1.0),14/02/24 23:00:00,A,CLV10_EUR_HAB,B1GQ,HR,2009,10780,
ESTAT:SDG_08_10(1.0),14/02/24 23:00:00,A,CLV10_EUR_HAB,B1GQ,HR,2010,10670,
ESTAT:SDG_08_10(1.0),14/02/24 23:00:00,A,CLV10_EUR_HAB,B1GQ,HR,2011,10700,
ESTAT:SDG_08_10(1.0),14/02/24 23:00:00,A,CLV10_EUR_HAB,B1GQ,HR,2012,10480,
ESTAT:SDG_08_10(1.0),14/02/24 23:00:00,A,CLV10_EUR_HAB,B1GQ,HR,2013,10480,
ESTAT:SDG_08_10(1.0),14/02/24 23:00:00,A,CLV10_EUR_HAB,B1GQ,HR,2014,10480,
ESTAT:SDG_08_10(1.0),14/02/24 23:00:00,A,CLV10_EUR_HAB,B1GQ,HR,2015,10810,
ESTAT:SDG_08_10(1.0),14/02/24 23:00:00,A,CLV10_EUR_HAB,B1GQ,HR,2016,11290,
ESTAT:SDG_08_10(1.0),14/02/24 23:00:00,A,CLV10_EUR_HAB,B1GQ,HR,2017,11800,
ESTAT:SDG_08_10(1.0),14/02/24 23:00:00,A,CLV10_EUR_HAB,B1GQ,HR,2018,12250,
ESTAT:SDG_08_10(1.0),14/02/24 23:00:00,A,CLV10_EUR_HAB,B1GQ,HR,2019,12740,
ESTAT:SDG_08_10(1.0),14/02/24 23:00:00,A,CLV10_EUR_HAB,B1GQ,HR,2020,11700,
ESTAT:SDG_08_10(1.0),14/02/24 23:00:00,A,CLV10_EUR_HAB,B1GQ,HR,2021,13610,
ESTAT:SDG_08_10(1.0),14/02/24 23:00:00,A,CLV10_EUR_HAB,B1GQ,HR,2022,14660,e
ESTAT:SDG_08_10(1.0),14/02/24 23:00:00,A,CLV10_EUR_HAB,B1GQ,HU,2000,7910,
ESTAT:SDG_08_10(1.0),14/02/24 23:00:00,A,CLV10_EUR_HAB,B1GQ,HU,2001,8250,
ESTAT:SDG_08_10(1.0),14/02/24 23:00:00,A,CLV10_EUR_HAB,B1GQ,HU,2002,8670,
ESTAT:SDG_08_10(1.0),14/02/24 23:00:00,A,CLV10_EUR_HAB,B1GQ,HU,2003,9050,
ESTAT:SDG_08_10(1.0),14/02/24 23:00:00,A,CLV10_EUR_HAB,B1GQ,HU,2004,9520,
ESTAT:SDG_08_10(1.0),14/02/24 23:00:00,A,CLV10_EUR_HAB,B1GQ,HU,2005,9950,
ESTAT:SDG_08_10(1.0),14/02/24 23:00:00,A,CLV10_EUR_HAB,B1GQ,HU,2006,10360,
ESTAT:SDG_08_10(1.0),14/02/24 23:00:00,A,CLV10_EUR_HAB,B1GQ,HU,2007,10410,
ESTAT:SDG_08_10(1.0),14/02/24 23:00:00,A,CLV10_EUR_HAB,B1GQ,HU,2008,10530,
ESTAT:SDG_08_10(1.0),14/02/24 23:00:00,A,CLV10_EUR_HAB,B1GQ,HU,2009,9850,
ESTAT:SDG_08_10(1.0),14/02/24 23:00:00,A,CLV10_EUR_HAB,B1GQ,HU,2010,9980,
ESTAT:SDG_08_10(1.0),14/02/24 23:00:00,A,CLV10_EUR_HAB,B1GQ,HU,2011,10190,
ESTAT:SDG_08_10(1.0),14/02/24 23:00:00,A,CLV10_EUR_HAB,B1GQ,HU,2012,10120,
ESTAT:SDG_08_10(1.0),14/02/24 23:00:00,A,CLV10_EUR_HAB,B1GQ,HU,2013,10330,
ESTAT:SDG_08_10(1.0),14/02/24 23:00:00,A,CLV10_EUR_HAB,B1GQ,HU,2014,10790,
ESTAT:SDG_08_10(1.0),14/02/24 23:00:00,A,CLV10_EUR_HAB,B1GQ,HU,2015,11220,
ESTAT:SDG_08_10(1.0),14/02/24 23:00:00,A,CLV10_EUR_HAB,B1GQ,HU,2016,11500,
ESTAT:SDG_08_10(1.0),14/02/24 23:00:00,A,CLV10_EUR_HAB,B1GQ,HU,2017,12020,
ESTAT:SDG_08_10(1.0),14/02/24 23:00:00,A,CLV10_EUR_HAB,B1GQ,HU,2018,12690,
ESTAT:SDG_08_10(1.0),14/02/24 23:00:00,A,CLV10_EUR_HAB,B1GQ,HU,2019,13310,
ESTAT:SDG_08_10(1.0),14/02/24 23:00:00,A,CLV10_EUR_HAB,B1GQ,HU,2020,12730,
ESTAT:SDG_08_10(1.0),14/02/24 23:00:00,A,CLV10_EUR_HAB,B1GQ,HU,2021,13690,
ESTAT:SDG_08_10(1.0),14/02/24 23:00:00,A,CLV10_EUR_HAB,B1GQ,HU,2022,14350,p
ESTAT:SDG_08_10(1.0),14/02/24 23:00:00,A,CLV10_EUR_HAB,B1GQ,IE,2000,33280,
ESTAT:SDG_08_10(1.0),14/02/24 23:00:00,A,CLV10_EUR_HAB,B1GQ,IE,2001,34510,
ESTAT:SDG_08_10(1.0),14/02/24 23:00:00,A,CLV10_EUR_HAB,B1GQ,IE,2002,35910,
ESTAT:SDG_08_10(1.0),14/02/24 23:00:00,A,CLV10_EUR_HAB,B1GQ,IE,2003,36390,
ESTAT:SDG_08_10(1.0),14/02/24 23:00:00,A,CLV10_EUR_HAB,B1GQ,IE,2004,38190,
ESTAT:SDG_08_10(1.0),14/02/24 23:00:00,A,CLV10_EUR_HAB,B1GQ,IE,2005,39480,
ESTAT:SDG_08_10(1.0),14/02/24 23:00:00,A,CLV10_EUR_HAB,B1GQ,IE,2006,40390,
ESTAT:SDG_08_10(1.0),14/02/24 23:00:00,A,CLV10_EUR_HAB,B1GQ,IE,2007,41270,
ESTAT:SDG_08_10(1.0),14/02/24 23:00:00,A,CLV10_EUR_HAB,B1GQ,IE,2008,38580,
ESTAT:SDG_08_10(1.0),14/02/24 23:00:00,A,CLV10_EUR_HAB,B1GQ,IE,2009,36270,
ESTAT:SDG_08_10(1.0),14/02/24 23:00:00,A,CLV10_EUR_HAB,B1GQ,IE,2010,36710,
ESTAT:SDG_08_10(1.0),14/02/24 23:00:00,A,CLV10_EUR_HAB,B1GQ,IE,2011,37030,
ESTAT:SDG_08_10(1.0),14/02/24 23:00:00,A,CLV10_EUR_HAB,B1GQ,IE,2012,36830,
ESTAT:SDG_08_10(1.0),14/02/24 23:00:00,A,CLV10_EUR_HAB,B1GQ,IE,2013,37080,
ESTAT:SDG_08_10(1.0),14/02/24 23:00:00,A,CLV10_EUR_HAB,B1GQ,IE,2014,40070,
ESTAT:SDG_08_10(1.0),14/02/24 23:00:00,A,CLV10_EUR_HAB,B1GQ,IE,2015,49420,
ESTAT:SDG_08_10(1.0),14/02/24 23:00:00,A,CLV10_EUR_HAB,B1GQ,IE,2016,49730,
ESTAT:SDG_08_10(1.0),14/02/24 23:00:00,A,CLV10_EUR_HAB,B1GQ,IE,2017,53750,
ESTAT:SDG_08_10(1.0),14/02/24 23:00:00,A,CLV10_EUR_HAB,B1GQ,IE,2018,57610,
ESTAT:SDG_08_10(1.0),14/02/24 23:00:00,A,CLV10_EUR_HAB,B1GQ,IE,2019,59840,
ESTAT:SDG_08_10(1.0),14/02/24 23:00:00,A,CLV10_EUR_HAB,B1GQ,IE,2020,63120,
ESTAT:SDG_08_10(1.0),14/02/24 23:00:00,A,CLV10_EUR_HAB,B1GQ,IE,2021,72110,
ESTAT:SDG_08_10(1.0),14/02/24 23:00:00,A,CLV10_EUR_HAB,B1GQ,IE,2022,77430,
ESTAT:SDG_08_10(1.0),14/02/24 23:00:00,A,CLV10_EUR_HAB,B1GQ,IS,2000,28570,
ESTAT:SDG_08_10(1.0),14/02/24 23:00:00,A,CLV10_EUR_HAB,B1GQ,IS,2001,29310,
ESTAT:SDG_08_10(1.0),14/02/24 23:00:00,A,CLV10_EUR_HAB,B1GQ,IS,2002,29220,
ESTAT:SDG_08_10(1.0),14/02/24 23:00:00,A,CLV10_EUR_HAB,B1GQ,IS,2003,29670,
ESTAT:SDG_08_10(1.0),14/02/24 23:00:00,A,CLV10_EUR_HAB,B1GQ,IS,2004,31620,
ESTAT:SDG_08_10(1.0),14/02/24 23:00:00,A,CLV10_EUR_HAB,B1GQ,IS,2005,33190,
ESTAT:SDG_08_10(1.0),14/02/24 23:00:00,A,CLV10_EUR_HAB,B1GQ,IS,2006,34310,
ESTAT:SDG_08_10(1.0),14/02/24 23:00:00,A,CLV10_EUR_HAB,B1GQ,IS,2007,36360,
ESTAT:SDG_08_10(1.0),14/02/24 23:00:00,A,CLV10_EUR_HAB,B1GQ,IS,2008,36230,
ESTAT:SDG_08_10(1.0),14/02/24 23:00:00,A,CLV10_EUR_HAB,B1GQ,IS,2009,33480,
ESTAT:SDG_08_10(1.0),14/02/24 23:00:00,A,CLV10_EUR_HAB,B1GQ,IS,2010,32650,
ESTAT:SDG_08_10(1.0),14/02/24 23:00:00,A,CLV10_EUR_HAB,B1GQ,IS,2011,33150,
ESTAT:SDG_08_10(1.0),14/02/24 23:00:00,A,CLV10_EUR_HAB,B1GQ,IS,2012,33330,
ESTAT:SDG_08_10(1.0),14/02/24 23:00:00,A,CLV10_EUR_HAB,B1GQ,IS,2013,34510,
ESTAT:SDG_08_10(1.0),14/02/24 23:00:00,A,CLV10_EUR_HAB,B1GQ,IS,2014,34710,
ESTAT:SDG_08_10(1.0),14/02/24 23:00:00,A,CLV10_EUR_HAB,B1GQ,IS,2015,35870,
ESTAT:SDG_08_10(1.0),14/02/24 23:00:00,A,CLV10_EUR_HAB,B1GQ,IS,2016,37610,
ESTAT:SDG_08_10(1.0),14/02/24 23:00:00,A,CLV10_EUR_HAB,B1GQ,IS,2017,38280,
ESTAT:SDG_08_10(1.0),14/02/24 23:00:00,A,CLV10_EUR_HAB,B1GQ,IS,2018,39090,
ESTAT:SDG_08_10(1.0),14/02/24 23:00:00,A,CLV10_EUR_HAB,B1GQ,IS,2019,38940,
ESTAT:SDG_08_10(1.0),14/02/24 23:00:00,A,CLV10_EUR_HAB,B1GQ,IS,2020,35550,
ESTAT:SDG_08_10(1.0),14/02/24 23:00:00,A,CLV10_EUR_HAB,B1GQ,IS,2021,36560,
ESTAT:SDG_08_10(1.0),14/02/24 23:00:00,A,CLV10_EUR_HAB,B1GQ,IS,2022,38230,
ESTAT:SDG_08_10(1.0),14/02/24 23:00:00,A,CLV10_EUR_HAB,B1GQ,IT,2000,27430,
ESTAT:SDG_08_10(1.0),14/02/24 23:00:00,A,CLV10_EUR_HAB,B1GQ,IT,2001,27950,
ESTAT:SDG_08_10(1.0),14/02/24 23:00:00,A,CLV10_EUR_HAB,B1GQ,IT,2002,27960,
ESTAT:SDG_08_10(1.0),14/02/24 23:00:00,A,CLV10_EUR_HAB,B1GQ,IT,2003,27850,
ESTAT:SDG_08_10(1.0),14/02/24 23:00:00,A,CLV10_EUR_HAB,B1GQ,IT,2004,28040,
ESTAT:SDG_08_10(1.0),14/02/24 23:00:00,A,CLV10_EUR_HAB,B1GQ,IT,2005,28100,
ESTAT:SDG_08_10(1.0),14/02/24 23:00:00,A,CLV10_EUR_HAB,B1GQ,IT,2006,28490,
ESTAT:SDG_08_10(1.0),14/02/24 23:00:00,A,CLV10_EUR_HAB,B1GQ,IT,2007,28740,
ESTAT:SDG_08_10(1.0),14/02/24 23:00:00,A,CLV10_EUR_HAB,B1GQ,IT,2008,28250,
ESTAT:SDG_08_10(1.0),14/02/24 23:00:00,A,CLV10_EUR_HAB,B1GQ,IT,2009,26600,
ESTAT:SDG_08_10(1.0),14/02/24 23:00:00,A,CLV10_EUR_HAB,B1GQ,IT,2010,26940,
ESTAT:SDG_08_10(1.0),14/02/24 23:00:00,A,CLV10_EUR_HAB,B1GQ,IT,2011,27030,
ESTAT:SDG_08_10(1.0),14/02/24 23:00:00,A,CLV10_EUR_HAB,B1GQ,IT,2012,26160,
ESTAT:SDG_08_10(1.0),14/02/24 23:00:00,A,CLV10_EUR_HAB,B1GQ,IT,2013,25620,
ESTAT:SDG_08_10(1.0),14/02/24 23:00:00,A,CLV10_EUR_HAB,B1GQ,IT,2014,25620,
ESTAT:SDG_08_10(1.0),14/02/24 23:00:00,A,CLV10_EUR_HAB,B1GQ,IT,2015,25860,
ESTAT:SDG_08_10(1.0),14/02/24 23:00:00,A,CLV10_EUR_HAB,B1GQ,IT,2016,26240,
ESTAT:SDG_08_10(1.0),14/02/24 23:00:00,A,CLV10_EUR_HAB,B1GQ,IT,2017,26730,
ESTAT:SDG_08_10(1.0),14/02/24 23:00:00,A,CLV10_EUR_HAB,B1GQ,IT,2018,27030,
ESTAT:SDG_08_10(1.0),14/02/24 23:00:00,A,CLV10_EUR_HAB,B1GQ,IT,2019,27230,
ESTAT:SDG_08_10(1.0),14/02/24 23:00:00,A,CLV10_EUR_HAB,B1GQ,IT,2020,24910,
ESTAT:SDG_08_10(1.0),14/02/24 23:00:00,A,CLV10_EUR_HAB,B1GQ,IT,2021,27120,
ESTAT:SDG_08_10(1.0),14/02/24 23:00:00,A,CLV10_EUR_HAB,B1GQ,IT,2022,28180,
ESTAT:SDG_08_10(1.0),14/02/24 23:00:00,A,CLV10_EUR_HAB,B1GQ,LT,2000,5230,
ESTAT:SDG_08_10(1.0),14/02/24 23:00:00,A,CLV10_EUR_HAB,B1GQ,LT,2001,5620,
ESTAT:SDG_08_10(1.0),14/02/24 23:00:00,A,CLV10_EUR_HAB,B1GQ,LT,2002,6050,
ESTAT:SDG_08_10(1.0),14/02/24 23:00:00,A,CLV10_EUR_HAB,B1GQ,LT,2003,6740,
ESTAT:SDG_08_10(1.0),14/02/24 23:00:00,A,CLV10_EUR_HAB,B1GQ,LT,2004,7270,
ESTAT:SDG_08_10(1.0),14/02/24 23:00:00,A,CLV10_EUR_HAB,B1GQ,LT,2005,7960,
ESTAT:SDG_08_10(1.0),14/02/24 23:00:00,A,CLV10_EUR_HAB,B1GQ,LT,2006,8690,
ESTAT:SDG_08_10(1.0),14/02/24 23:00:00,A,CLV10_EUR_HAB,B1GQ,LT,2007,9770,
ESTAT:SDG_08_10(1.0),14/02/24 23:00:00,A,CLV10_EUR_HAB,B1GQ,LT,2008,10130,
ESTAT:SDG_08_10(1.0),14/02/24 23:00:00,A,CLV10_EUR_HAB,B1GQ,LT,2009,8720,
ESTAT:SDG_08_10(1.0),14/02/24 23:00:00,A,CLV10_EUR_HAB,B1GQ,LT,2010,9050,
ESTAT:SDG_08_10(1.0),14/02/24 23:00:00,A,CLV10_EUR_HAB,B1GQ,LT,2011,9820,
ESTAT:SDG_08_10(1.0),14/02/24 23:00:00,A,CLV10_EUR_HAB,B1GQ,LT,2012,10330,
ESTAT:SDG_08_10(1.0),14/02/24 23:00:00,A,CLV10_EUR_HAB,B1GQ,LT,2013,10810,
ESTAT:SDG_08_10(1.0),14/02/24 23:00:00,A,CLV10_EUR_HAB,B1GQ,LT,2014,11290,
ESTAT:SDG_08_10(1.0),14/02/24 23:00:00,A,CLV10_EUR_HAB,B1GQ,LT,2015,11620,
ESTAT:SDG_08_10(1.0),14/02/24 23:00:00,A,CLV10_EUR_HAB,B1GQ,LT,2016,12070,
ESTAT:SDG_08_10(1.0),14/02/24 23:00:00,A,CLV10_EUR_HAB,B1GQ,LT,2017,12760,
ESTAT:SDG_08_10(1.0),14/02/24 23:00:00,A,CLV10_EUR_HAB,B1GQ,LT,2018,13400,
ESTAT:SDG_08_10(1.0),14/02/24 23:00:00,A,CLV10_EUR_HAB,B1GQ,LT,2019,14060,
ESTAT:SDG_08_10(1.0),14/02/24 23:00:00,A,CLV10_EUR_HAB,B1GQ,LT,2020,14060,
ESTAT:SDG_08_10(1.0),14/02/24 23:00:00,A,CLV10_EUR_HAB,B1GQ,LT,2021,14870,
ESTAT:SDG_08_10(1.0),14/02/24 23:00:00,A,CLV10_EUR_HAB,B1GQ,LT,2022,15100,
ESTAT:SDG_08_10(1.0),14/02/24 23:00:00,A,CLV10_EUR_HAB,B1GQ,LU,2000,72640,
ESTAT:SDG_08_10(1.0),14/02/24 23:00:00,A,CLV10_EUR_HAB,B1GQ,LU,2001,73990,
ESTAT:SDG_08_10(1.0),14/02/24 23:00:00,A,CLV10_EUR_HAB,B1GQ,LU,2002,75580,
ESTAT:SDG_08_10(1.0),14/02/24 23:00:00,A,CLV10_EUR_HAB,B1GQ,LU,2003,76620,
ESTAT:SDG_08_10(1.0),14/02/24 23:00:00,A,CLV10_EUR_HAB,B1GQ,LU,2004,78730,
ESTAT:SDG_08_10(1.0),14/02/24 23:00:00,A,CLV10_EUR_HAB,B1GQ,LU,2005,79460,
ESTAT:SDG_08_10(1.0),14/02/24 23:00:00,A,CLV10_EUR_HAB,B1GQ,LU,2006,82910,
ESTAT:SDG_08_10(1.0),14/02/24 23:00:00,A,CLV10_EUR_HAB,B1GQ,LU,2007,88250,
ESTAT:SDG_08_10(1.0),14/02/24 23:00:00,A,CLV10_EUR_HAB,B1GQ,LU,2008,86430,
ESTAT:SDG_08_10(1.0),14/02/24 23:00:00,A,CLV10_EUR_HAB,B1GQ,LU,2009,82100,
ESTAT:SDG_08_10(1.0),14/02/24 23:00:00,A,CLV10_EUR_HAB,B1GQ,LU,2010,83650,
ESTAT:SDG_08_10(1.0),14/02/24 23:00:00,A,CLV10_EUR_HAB,B1GQ,LU,2011,82660,
ESTAT:SDG_08_10(1.0),14/02/24 23:00:00,A,CLV10_EUR_HAB,B1GQ,LU,2012,82030,
ESTAT:SDG_08_10(1.0),14/02/24 23:00:00,A,CLV10_EUR_HAB,B1GQ,LU,2013,82700,
ESTAT:SDG_08_10(1.0),14/02/24 23:00:00,A,CLV10_EUR_HAB,B1GQ,LU,2014,82880,
ESTAT:SDG_08_10(1.0),14/02/24 23:00:00,A,CLV10_EUR_HAB,B1GQ,LU,2015,82810,
ESTAT:SDG_08_10(1.0),14/02/24 23:00:00,A,CLV10_EUR_HAB,B1GQ,LU,2016,84840,
ESTAT:SDG_08_10(1.0),14/02/24 23:00:00,A,CLV10_EUR_HAB,B1GQ,LU,2017,84090,
ESTAT:SDG_08_10(1.0),14/02/24 23:00:00,A,CLV10_EUR_HAB,B1GQ,LU,2018,83510,
ESTAT:SDG_08_10(1.0),14/02/24 23:00:00,A,CLV10_EUR_HAB,B1GQ,LU,2019,84280,
ESTAT:SDG_08_10(1.0),14/02/24 23:00:00,A,CLV10_EUR_HAB,B1GQ,LU,2020,82130,
ESTAT:SDG_08_10(1.0),14/02/24 23:00:00,A,CLV10_EUR_HAB,B1GQ,LU,2021,86690,
ESTAT:SDG_08_10(1.0),14/02/24 23:00:00,A,CLV10_EUR_HAB,B1GQ,LU,2022,86130,
ESTAT:SDG_08_10(1.0),14/02/24 23:00:00,A,CLV10_EUR_HAB,B1GQ,LV,2000,5250,
ESTAT:SDG_08_10(1.0),14/02/24 23:00:00,A,CLV10_EUR_HAB,B1GQ,LV,2001,5650,
ESTAT:SDG_08_10(1.0),14/02/24 23:00:00,A,CLV10_EUR_HAB,B1GQ,LV,2002,6120,
ESTAT:SDG_08_10(1.0),14/02/24 23:00:00,A,CLV10_EUR_HAB,B1GQ,LV,2003,6700,
ESTAT:SDG_08_10(1.0),14/02/24 23:00:00,A,CLV10_EUR_HAB,B1GQ,LV,2004,7340,
ESTAT:SDG_08_10(1.0),14/02/24 23:00:00,A,CLV10_EUR_HAB,B1GQ,LV,2005,8210,
ESTAT:SDG_08_10(1.0),14/02/24 23:00:00,A,CLV10_EUR_HAB,B1GQ,LV,2006,9280,
ESTAT:SDG_08_10(1.0),14/02/24 23:00:00,A,CLV10_EUR_HAB,B1GQ,LV,2007,10280,
ESTAT:SDG_08_10(1.0),14/02/24 23:00:00,A,CLV10_EUR_HAB,B1GQ,LV,2008,10050,
ESTAT:SDG_08_10(1.0),14/02/24 23:00:00,A,CLV10_EUR_HAB,B1GQ,LV,2009,8760,
ESTAT:SDG_08_10(1.0),14/02/24 23:00:00,A,CLV10_EUR_HAB,B1GQ,LV,2010,8550,
ESTAT:SDG_08_10(1.0),14/02/24 23:00:00,A,CLV10_EUR_HAB,B1GQ,LV,2011,8940,
ESTAT:SDG_08_10(1.0),14/02/24 23:00:00,A,CLV10_EUR_HAB,B1GQ,LV,2012,9680,
ESTAT:SDG_08_10(1.0),14/02/24 23:00:00,A,CLV10_EUR_HAB,B1GQ,LV,2013,9980,
ESTAT:SDG_08_10(1.0),14/02/24 23:00:00,A,CLV10_EUR_HAB,B1GQ,LV,2014,10270,
ESTAT:SDG_08_10(1.0),14/02/24 23:00:00,A,CLV10_EUR_HAB,B1GQ,LV,2015,10760,
ESTAT:SDG_08_10(1.0),14/02/24 23:00:00,A,CLV10_EUR_HAB,B1GQ,LV,2016,11110,
ESTAT:SDG_08_10(1.0),14/02/24 23:00:00,A,CLV10_EUR_HAB,B1GQ,LV,2017,11590,
ESTAT:SDG_08_10(1.0),14/02/24 23:00:00,A,CLV10_EUR_HAB,B1GQ,LV,2018,12140,
ESTAT:SDG_08_10(1.0),14/02/24 23:00:00,A,CLV10_EUR_HAB,B1GQ,LV,2019,12300,
ESTAT:SDG_08_10(1.0),14/02/24 23:00:00,A,CLV10_EUR_HAB,B1GQ,LV,2020,11940,
ESTAT:SDG_08_10(1.0),14/02/24 23:00:00,A,CLV10_EUR_HAB,B1GQ,LV,2021,12870,
ESTAT:SDG_08_10(1.0),14/02/24 23:00:00,A,CLV10_EUR_HAB,B1GQ,LV,2022,13280,
ESTAT:SDG_08_10(1.0),14/02/24 23:00:00,A,CLV10_EUR_HAB,B1GQ,ME,2006,4580,
ESTAT:SDG_08_10(1.0),14/02/24 23:00:00,A,CLV10_EUR_HAB,B1GQ,ME,2007,4890,
ESTAT:SDG_08_10(1.0),14/02/24 23:00:00,A,CLV10_EUR_HAB,B1GQ,ME,2008,5230,
ESTAT:SDG_08_10(1.0),14/02/24 23:00:00,A,CLV10_EUR_HAB,B1GQ,ME,2009,4920,
ESTAT:SDG_08_10(1.0),14/02/24 23:00:00,A,CLV10_EUR_HAB,B1GQ,ME,2010,5050,
ESTAT:SDG_08_10(1.0),14/02/24 23:00:00,A,CLV10_EUR_HAB,B1GQ,ME,2011,5200,
ESTAT:SDG_08_10(1.0),14/02/24 23:00:00,A,CLV10_EUR_HAB,B1GQ,ME,2012,5060,
ESTAT:SDG_08_10(1.0),14/02/24 23:00:00,A,CLV10_EUR_HAB,B1GQ,ME,2013,5230,
ESTAT:SDG_08_10(1.0),14/02/24 23:00:00,A,CLV10_EUR_HAB,B1GQ,ME,2014,5320,
ESTAT:SDG_08_10(1.0),14/02/24 23:00:00,A,CLV10_EUR_HAB,B1GQ,ME,2015,5500,
ESTAT:SDG_08_10(1.0),14/02/24 23:00:00,A,CLV10_EUR_HAB,B1GQ,ME,2016,5660,
ESTAT:SDG_08_10(1.0),14/02/24 23:00:00,A,CLV10_EUR_HAB,B1GQ,ME,2017,5920,
ESTAT:SDG_08_10(1.0),14/02/24 23:00:00,A,CLV10_EUR_HAB,B1GQ,ME,2018,6230,
ESTAT:SDG_08_10(1.0),14/02/24 23:00:00,A,CLV10_EUR_HAB,B1GQ,ME,2019,6480,
ESTAT:SDG_08_10(1.0),14/02/24 23:00:00,A,CLV10_EUR_HAB,B1GQ,ME,2020,5490,
ESTAT:SDG_08_10(1.0),14/02/24 23:00:00,A,CLV10_EUR_HAB,B1GQ,ME,2021,6230,
ESTAT:SDG_08_10(1.0),14/02/24 23:00:00,A,CLV10_EUR_HAB,B1GQ,ME,2022,6650,
ESTAT:SDG_08_10(1.0),14/02/24 23:00:00,A,CLV10_EUR_HAB,B1GQ,MK,2000,2620,e
ESTAT:SDG_08_10(1.0),14/02/24 23:00:00,A,CLV10_EUR_HAB,B1GQ,MK,2001,2530,e
ESTAT:SDG_08_10(1.0),14/02/24 23:00:00,A,CLV10_EUR_HAB,B1GQ,MK,2002,2580,e
ESTAT:SDG_08_10(1.0),14/02/24 23:00:00,A,CLV10_EUR_HAB,B1GQ,MK,2003,2640,e
ESTAT:SDG_08_10(1.0),14/02/24 23:00:00,A,CLV10_EUR_HAB,B1GQ,MK,2004,2770,e
ESTAT:SDG_08_10(1.0),14/02/24 23:00:00,A,CLV10_EUR_HAB,B1GQ,MK,2005,2920,e
ESTAT:SDG_08_10(1.0),14/02/24 23:00:00,A,CLV10_EUR_HAB,B1GQ,MK,2006,3080,e
ESTAT:SDG_08_10(1.0),14/02/24 23:00:00,A,CLV10_EUR_HAB,B1GQ,MK,2007,3300,e
ESTAT:SDG_08_10(1.0),14/02/24 23:00:00,A,CLV10_EUR_HAB,B1GQ,MK,2008,3500,e
ESTAT:SDG_08_10(1.0),14/02/24 23:00:00,A,CLV10_EUR_HAB,B1GQ,MK,2009,3510,e
ESTAT:SDG_08_10(1.0),14/02/24 23:00:00,A,CLV10_EUR_HAB,B1GQ,MK,2010,3650,e
ESTAT:SDG_08_10(1.0),14/02/24 23:00:00,A,CLV10_EUR_HAB,B1GQ,MK,2011,3750,e
ESTAT:SDG_08_10(1.0),14/02/24 23:00:00,A,CLV10_EUR_HAB,B1GQ,MK,2012,3750,e
ESTAT:SDG_08_10(1.0),14/02/24 23:00:00,A,CLV10_EUR_HAB,B1GQ,MK,2013,3880,e
ESTAT:SDG_08_10(1.0),14/02/24 23:00:00,A,CLV10_EUR_HAB,B1GQ,MK,2014,4030,e
ESTAT:SDG_08_10(1.0),14/02/24 23:00:00,A,CLV10_EUR_HAB,B1GQ,MK,2015,4190,e
ESTAT:SDG_08_10(1.0),14/02/24 23:00:00,A,CLV10_EUR_HAB,B1GQ,MK,2016,4330,e
ESTAT:SDG_08_10(1.0),14/02/24 23:00:00,A,CLV10_EUR_HAB,B1GQ,MK,2017,4390,e
ESTAT:SDG_08_10(1.0),14/02/24 23:00:00,A,CLV10_EUR_HAB,B1GQ,MK,2018,4540,e
ESTAT:SDG_08_10(1.0),14/02/24 23:00:00,A,CLV10_EUR_HAB,B1GQ,MK,2019,4750,e
ESTAT:SDG_08_10(1.0),14/02/24 23:00:00,A,CLV10_EUR_HAB,B1GQ,MK,2020,4580,e
ESTAT:SDG_08_10(1.0),14/02/24 23:00:00,A,CLV10_EUR_HAB,B1GQ,MK,2021,4830,e
ESTAT:SDG_08_10(1.0),14/02/24 23:00:00,A,CLV10_EUR_HAB,B1GQ,MT,2000,13750,
ESTAT:SDG_08_10(1.0),14/02/24 23:00:00,A,CLV10_EUR_HAB,B1GQ,MT,2001,13480,
ESTAT:SDG_08_10(1.0),14/02/24 23:00:00,A,CLV10_EUR_HAB,B1GQ,MT,2002,13730,
ESTAT:SDG_08_10(1.0),14/02/24 23:00:00,A,CLV10_EUR_HAB,B1GQ,MT,2003,14200,
ESTAT:SDG_08_10(1.0),14/02/24 23:00:00,A,CLV10_EUR_HAB,B1GQ,MT,2004,14120,
ESTAT:SDG_08_10(1.0),14/02/24 23:00:00,A,CLV10_EUR_HAB,B1GQ,MT,2005,14510,
ESTAT:SDG_08_10(1.0),14/02/24 23:00:00,A,CLV10_EUR_HAB,B1GQ,MT,2006,14820,
ESTAT:SDG_08_10(1.0),14/02/24 23:00:00,A,CLV10_EUR_HAB,B1GQ,MT,2007,15470,
ESTAT:SDG_08_10(1.0),14/02/24 23:00:00,A,CLV10_EUR_HAB,B1GQ,MT,2008,15960,
ESTAT:SDG_08_10(1.0),14/02/24 23:00:00,A,CLV10_EUR_HAB,B1GQ,MT,2009,15660,
ESTAT:SDG_08_10(1.0),14/02/24 23:00:00,A,CLV10_EUR_HAB,B1GQ,MT,2010,16440,
ESTAT:SDG_08_10(1.0),14/02/24 23:00:00,A,CLV10_EUR_HAB,B1GQ,MT,2011,16450,
ESTAT:SDG_08_10(1.0),14/02/24 23:00:00,A,CLV10_EUR_HAB,B1GQ,MT,2012,16970,
ESTAT:SDG_08_10(1.0),14/02/24 23:00:00,A,CLV10_EUR_HAB,B1GQ,MT,2013,17650,
ESTAT:SDG_08_10(1.0),14/02/24 23:00:00,A,CLV10_EUR_HAB,B1GQ,MT,2014,18610,
ESTAT:SDG_08_10(1.0),14/02/24 23:00:00,A,CLV10_EUR_HAB,B1GQ,MT,2015,19920,
ESTAT:SDG_08_10(1.0),14/02/24 23:00:00,A,CLV10_EUR_HAB,B1GQ,MT,2016,20130,
ESTAT:SDG_08_10(1.0),14/02/24 23:00:00,A,CLV10_EUR_HAB,B1GQ,MT,2017,21700,
ESTAT:SDG_08_10(1.0),14/02/24 23:00:00,A,CLV10_EUR_HAB,B1GQ,MT,2018,22510,
ESTAT:SDG_08_10(1.0),14/02/24 23:00:00,A,CLV10_EUR_HAB,B1GQ,MT,2019,23180,
ESTAT:SDG_08_10(1.0),14/02/24 23:00:00,A,CLV10_EUR_HAB,B1GQ,MT,2020,20830,
ESTAT:SDG_08_10(1.0),14/02/24 23:00:00,A,CLV10_EUR_HAB,B1GQ,MT,2021,23320,
ESTAT:SDG_08_10(1.0),14/02/24 23:00:00,A,CLV10_EUR_HAB,B1GQ,MT,2022,24650,
ESTAT:SDG_08_10(1.0),14/02/24 23:00:00,A,CLV10_EUR_HAB,B1GQ,NL,2000,35060,
ESTAT:SDG_08_10(1.0),14/02/24 23:00:00,A,CLV10_EUR_HAB,B1GQ,NL,2001,35610,
ESTAT:SDG_08_10(1.0),14/02/24 23:00:00,A,CLV10_EUR_HAB,B1GQ,NL,2002,35460,
ESTAT:SDG_08_10(1.0),14/02/24 23:00:00,A,CLV10_EUR_HAB,B1GQ,NL,2003,35350,
ESTAT:SDG_08_10(1.0),14/02/24 23:00:00,A,CLV10_EUR_HAB,B1GQ,NL,2004,35920,
ESTAT:SDG_08_10(1.0),14/02/24 23:00:00,A,CLV10_EUR_HAB,B1GQ,NL,2005,36570,
ESTAT:SDG_08_10(1.0),14/02/24 23:00:00,A,CLV10_EUR_HAB,B1GQ,NL,2006,37780,
ESTAT:SDG_08_10(1.0),14/02/24 23:00:00,A,CLV10_EUR_HAB,B1GQ,NL,2007,39120,
ESTAT:SDG_08_10(1.0),14/02/24 23:00:00,A,CLV10_EUR_HAB,B1GQ,NL,2008,39810,
ESTAT:SDG_08_10(1.0),14/02/24 23:00:00,A,CLV10_EUR_HAB,B1GQ,NL,2009,38160,
ESTAT:SDG_08_10(1.0),14/02/24 23:00:00,A,CLV10_EUR_HAB,B1GQ,NL,2010,38470,
ESTAT:SDG_08_10(1.0),14/02/24 23:00:00,A,CLV10_EUR_HAB,B1GQ,NL,2011,38880,
ESTAT:SDG_08_10(1.0),14/02/24 23:00:00,A,CLV10_EUR_HAB,B1GQ,NL,2012,38340,
ESTAT:SDG_08_10(1.0),14/02/24 23:00:00,A,CLV10_EUR_HAB,B1GQ,NL,2013,38180,
ESTAT:SDG_08_10(1.0),14/02/24 23:00:00,A,CLV10_EUR_HAB,B1GQ,NL,2014,38580,
ESTAT:SDG_08_10(1.0),14/02/24 23:00:00,A,CLV10_EUR_HAB,B1GQ,NL,2015,39170,
ESTAT:SDG_08_10(1.0),14/02/24 23:00:00,A,CLV10_EUR_HAB,B1GQ,NL,2016,39810,
ESTAT:SDG_08_10(1.0),14/02/24 23:00:00,A,CLV10_EUR_HAB,B1GQ,NL,2017,40730,
ESTAT:SDG_08_10(1.0),14/02/24 23:00:00,A,CLV10_EUR_HAB,B1GQ,NL,2018,41450,
ESTAT:SDG_08_10(1.0),14/02/24 23:00:00,A,CLV10_EUR_HAB,B1GQ,NL,2019,41980,
ESTAT:SDG_08_10(1.0),14/02/24 23:00:00,A,CLV10_EUR_HAB,B1GQ,NL,2020,40130,
ESTAT:SDG_08_10(1.0),14/02/24 23:00:00,A,CLV10_EUR_HAB,B1GQ,NL,2021,42390,p
ESTAT:SDG_08_10(1.0),14/02/24 23:00:00,A,CLV10_EUR_HAB,B1GQ,NL,2022,43800,p
ESTAT:SDG_08_10(1.0),14/02/24 23:00:00,A,CLV10_EUR_HAB,B1GQ,NL,2023,43410,p
ESTAT:SDG_08_10(1.0),14/02/24 23:00:00,A,CLV10_EUR_HAB,B1GQ,NO,2000,62040,
ESTAT:SDG_08_10(1.0),14/02/24 23:00:00,A,CLV10_EUR_HAB,B1GQ,NO,2001,63000,
ESTAT:SDG_08_10(1.0),14/02/24 23:00:00,A,CLV10_EUR_HAB,B1GQ,NO,2002,63530,
ESTAT:SDG_08_10(1.0),14/02/24 23:00:00,A,CLV10_EUR_HAB,B1GQ,NO,2003,63750,
ESTAT:SDG_08_10(1.0),14/02/24 23:00:00,A,CLV10_EUR_HAB,B1GQ,NO,2004,65920,
ESTAT:SDG_08_10(1.0),14/02/24 23:00:00,A,CLV10_EUR_HAB,B1GQ,NO,2005,67240,
ESTAT:SDG_08_10(1.0),14/02/24 23:00:00,A,CLV10_EUR_HAB,B1GQ,NO,2006,68330,
ESTAT:SDG_08_10(1.0),14/02/24 23:00:00,A,CLV10_EUR_HAB,B1GQ,NO,2007,69600,
ESTAT:SDG_08_10(1.0),14/02/24 23:00:00,A,CLV10_EUR_HAB,B1GQ,NO,2008,69070,
ESTAT:SDG_08_10(1.0),14/02/24 23:00:00,A,CLV10_EUR_HAB,B1GQ,NO,2009,66880,
ESTAT:SDG_08_10(1.0),14/02/24 23:00:00,A,CLV10_EUR_HAB,B1GQ,NO,2010,66580,
ESTAT:SDG_08_10(1.0),14/02/24 23:00:00,A,CLV10_EUR_HAB,B1GQ,NO,2011,66440,
ESTAT:SDG_08_10(1.0),14/02/24 23:00:00,A,CLV10_EUR_HAB,B1GQ,NO,2012,67350,
ESTAT:SDG_08_10(1.0),14/02/24 23:00:00,A,CLV10_EUR_HAB,B1GQ,NO,2013,67220,
ESTAT:SDG_08_10(1.0),14/02/24 23:00:00,A,CLV10_EUR_HAB,B1GQ,NO,2014,67830,
ESTAT:SDG_08_10(1.0),14/02/24 23:00:00,A,CLV10_EUR_HAB,B1GQ,NO,2015,68390,
ESTAT:SDG_08_10(1.0),14/02/24 23:00:00,A,CLV10_EUR_HAB,B1GQ,NO,2016,68580,
ESTAT:SDG_08_10(1.0),14/02/24 23:00:00,A,CLV10_EUR_HAB,B1GQ,NO,2017,69720,
ESTAT:SDG_08_10(1.0),14/02/24 23:00:00,A,CLV10_EUR_HAB,B1GQ,NO,2018,69840,
ESTAT:SDG_08_10(1.0),14/02/24 23:00:00,A,CLV10_EUR_HAB,B1GQ,NO,2019,70150,
ESTAT:SDG_08_10(1.0),14/02/24 23:00:00,A,CLV10_EUR_HAB,B1GQ,NO,2020,68850,
ESTAT:SDG_08_10(1.0),14/02/24 23:00:00,A,CLV10_EUR_HAB,B1GQ,NO,2021,71160,
ESTAT:SDG_08_10(1.0),14/02/24 23:00:00,A,CLV10_EUR_HAB,B1GQ,NO,2022,72650,
ESTAT:SDG_08_10(1.0),14/02/24 23:00:00,A,CLV10_EUR_HAB,B1GQ,PL,2000,6450,
ESTAT:SDG_08_10(1.0),14/02/24 23:00:00,A,CLV10_EUR_HAB,B1GQ,PL,2001,6530,
ESTAT:SDG_08_10(1.0),14/02/24 23:00:00,A,CLV10_EUR_HAB,B1GQ,PL,2002,6660,
ESTAT:SDG_08_10(1.0),14/02/24 23:00:00,A,CLV10_EUR_HAB,B1GQ,PL,2003,6900,
ESTAT:SDG_08_10(1.0),14/02/24 23:00:00,A,CLV10_EUR_HAB,B1GQ,PL,2004,7250,
ESTAT:SDG_08_10(1.0),14/02/24 23:00:00,A,CLV10_EUR_HAB,B1GQ,PL,2005,7510,
ESTAT:SDG_08_10(1.0),14/02/24 23:00:00,A,CLV10_EUR_HAB,B1GQ,PL,2006,7970,
ESTAT:SDG_08_10(1.0),14/02/24 23:00:00,A,CLV10_EUR_HAB,B1GQ,PL,2007,8540,
ESTAT:SDG_08_10(1.0),14/02/24 23:00:00,A,CLV10_EUR_HAB,B1GQ,PL,2008,8900,
ESTAT:SDG_08_10(1.0),14/02/24 23:00:00,A,CLV10_EUR_HAB,B1GQ,PL,2009,9060,
ESTAT:SDG_08_10(1.0),14/02/24 23:00:00,A,CLV10_EUR_HAB,B1GQ,PL,2010,9320,
ESTAT:SDG_08_10(1.0),14/02/24 23:00:00,A,CLV10_EUR_HAB,B1GQ,PL,2011,9790,
ESTAT:SDG_08_10(1.0),14/02/24 23:00:00,A,CLV10_EUR_HAB,B1GQ,PL,2012,9940,
ESTAT:SDG_08_10(1.0),14/02/24 23:00:00,A,CLV10_EUR_HAB,B1GQ,PL,2013,10030,
ESTAT:SDG_08_10(1.0),14/02/24 23:00:00,A,CLV10_EUR_HAB,B1GQ,PL,2014,10420,
ESTAT:SDG_08_10(1.0),14/02/24 23:00:00,A,CLV10_EUR_HAB,B1GQ,PL,2015,10890,
ESTAT:SDG_08_10(1.0),14/02/24 23:00:00,A,CLV10_EUR_HAB,B1GQ,PL,2016,11220,
ESTAT:SDG_08_10(1.0),14/02/24 23:00:00,A,CLV10_EUR_HAB,B1GQ,PL,2017,11800,
ESTAT:SDG_08_10(1.0),14/02/24 23:00:00,A,CLV10_EUR_HAB,B1GQ,PL,2018,12500,
ESTAT:SDG_08_10(1.0),14/02/24 23:00:00,A,CLV10_EUR_HAB,B1GQ,PL,2019,13070,
ESTAT:SDG_08_10(1.0),14/02/24 23:00:00,A,CLV10_EUR_HAB,B1GQ,PL,2020,12810,
ESTAT:SDG_08_10(1.0),14/02/24 23:00:00,A,CLV10_EUR_HAB,B1GQ,PL,2021,13770,
ESTAT:SDG_08_10(1.0),14/02/24 23:00:00,A,CLV10_EUR_HAB,B1GQ,PL,2022,14620,b
ESTAT:SDG_08_10(1.0),14/02/24 23:00:00,A,CLV10_EUR_HAB,B1GQ,PT,2000,16230,
ESTAT:SDG_08_10(1.0),14/02/24 23:00:00,A,CLV10_EUR_HAB,B1GQ,PT,2001,16430,
ESTAT:SDG_08_10(1.0),14/02/24 23:00:00,A,CLV10_EUR_HAB,B1GQ,PT,2002,16470,
ESTAT:SDG_08_10(1.0),14/02/24 23:00:00,A,CLV10_EUR_HAB,B1GQ,PT,2003,16250,
ESTAT:SDG_08_10(1.0),14/02/24 23:00:00,A,CLV10_EUR_HAB,B1GQ,PT,2004,16500,
ESTAT:SDG_08_10(1.0),14/02/24 23:00:00,A,CLV10_EUR_HAB,B1GQ,PT,2005,16600,
ESTAT:SDG_08_10(1.0),14/02/24 23:00:00,A,CLV10_EUR_HAB,B1GQ,PT,2006,16840,
ESTAT:SDG_08_10(1.0),14/02/24 23:00:00,A,CLV10_EUR_HAB,B1GQ,PT,2007,17230,
ESTAT:SDG_08_10(1.0),14/02/24 23:00:00,A,CLV10_EUR_HAB,B1GQ,PT,2008,17260,
ESTAT:SDG_08_10(1.0),14/02/24 23:00:00,A,CLV10_EUR_HAB,B1GQ,PT,2009,16710,
ESTAT:SDG_08_10(1.0),14/02/24 23:00:00,A,CLV10_EUR_HAB,B1GQ,PT,2010,16990,
ESTAT:SDG_08_10(1.0),14/02/24 23:00:00,A,CLV10_EUR_HAB,B1GQ,PT,2011,16720,
ESTAT:SDG_08_10(1.0),14/02/24 23:00:00,A,CLV10_EUR_HAB,B1GQ,PT,2012,16110,
ESTAT:SDG_08_10(1.0),14/02/24 23:00:00,A,CLV10_EUR_HAB,B1GQ,PT,2013,16050,
ESTAT:SDG_08_10(1.0),14/02/24 23:00:00,A,CLV10_EUR_HAB,B1GQ,PT,2014,16260,
ESTAT:SDG_08_10(1.0),14/02/24 23:00:00,A,CLV10_EUR_HAB,B1GQ,PT,2015,16620,
ESTAT:SDG_08_10(1.0),14/02/24 23:00:00,A,CLV10_EUR_HAB,B1GQ,PT,2016,17010,
ESTAT:SDG_08_10(1.0),14/02/24 23:00:00,A,CLV10_EUR_HAB,B1GQ,PT,2017,17650,
ESTAT:SDG_08_10(1.0),14/02/24 23:00:00,A,CLV10_EUR_HAB,B1GQ,PT,2018,18190,
ESTAT:SDG_08_10(1.0),14/02/24 23:00:00,A,CLV10_EUR_HAB,B1GQ,PT,2019,18670,
ESTAT:SDG_08_10(1.0),14/02/24 23:00:00,A,CLV10_EUR_HAB,B1GQ,PT,2020,17100,
ESTAT:SDG_08_10(1.0),14/02/24 23:00:00,A,CLV10_EUR_HAB,B1GQ,PT,2021,18090,
ESTAT:SDG_08_10(1.0),14/02/24 23:00:00,A,CLV10_EUR_HAB,B1GQ,PT,2022,19310,p
ESTAT:SDG_08_10(1.0),14/02/24 23:00:00,A,CLV10_EUR_HAB,B1GQ,RO,2000,3780,
ESTAT:SDG_08_10(1.0),14/02/24 23:00:00,A,CLV10_EUR_HAB,B1GQ,RO,2001,3980,
ESTAT:SDG_08_10(1.0),14/02/24 23:00:00,A,CLV10_EUR_HAB,B1GQ,RO,2002,4350,
ESTAT:SDG_08_10(1.0),14/02/24 23:00:00,A,CLV10_EUR_HAB,B1GQ,RO,2003,4470,
ESTAT:SDG_08_10(1.0),14/02/24 23:00:00,A,CLV10_EUR_HAB,B1GQ,RO,2004,4970,b
ESTAT:SDG_08_10(1.0),14/02/24 23:00:00,A,CLV10_EUR_HAB,B1GQ,RO,2005,5230,
ESTAT:SDG_08_10(1.0),14/02/24 23:00:00,A,CLV10_EUR_HAB,B1GQ,RO,2006,5690,
ESTAT:SDG_08_10(1.0),14/02/24 23:00:00,A,CLV10_EUR_HAB,B1GQ,RO,2007,6190,
ESTAT:SDG_08_10(1.0),14/02/24 23:00:00,A,CLV10_EUR_HAB,B1GQ,RO,2008,6880,
ESTAT:SDG_08_10(1.0),14/02/24 23:00:00,A,CLV10_EUR_HAB,B1GQ,RO,2009,6550,
ESTAT:SDG_08_10(1.0),14/02/24 23:00:00,A,CLV10_EUR_HAB,B1GQ,RO,2010,6340,
ESTAT:SDG_08_10(1.0),14/02/24 23:00:00,A,CLV10_EUR_HAB,B1GQ,RO,2011,6650,
ESTAT:SDG_08_10(1.0),14/02/24 23:00:00,A,CLV10_EUR_HAB,B1GQ,RO,2012,6810,
ESTAT:SDG_08_10(1.0),14/02/24 23:00:00,A,CLV10_EUR_HAB,B1GQ,RO,2013,6860,
ESTAT:SDG_08_10(1.0),14/02/24 23:00:00,A,CLV10_EUR_HAB,B1GQ,RO,2014,7160,
ESTAT:SDG_08_10(1.0),14/02/24 23:00:00,A,CLV10_EUR_HAB,B1GQ,RO,2015,7420,
ESTAT:SDG_08_10(1.0),14/02/24 23:00:00,A,CLV10_EUR_HAB,B1GQ,RO,2016,7680,
ESTAT:SDG_08_10(1.0),14/02/24 23:00:00,A,CLV10_EUR_HAB,B1GQ,RO,2017,8360,
ESTAT:SDG_08_10(1.0),14/02/24 23:00:00,A,CLV10_EUR_HAB,B1GQ,RO,2018,8910,
ESTAT:SDG_08_10(1.0),14/02/24 23:00:00,A,CLV10_EUR_HAB,B1GQ,RO,2019,9300,
ESTAT:SDG_08_10(1.0),14/02/24 23:00:00,A,CLV10_EUR_HAB,B1GQ,RO,2020,9000,
ESTAT:SDG_08_10(1.0),14/02/24 23:00:00,A,CLV10_EUR_HAB,B1GQ,RO,2021,9600,
ESTAT:SDG_08_10(1.0),14/02/24 23:00:00,A,CLV10_EUR_HAB,B1GQ,RO,2022,10040,p
ESTAT:SDG_08_10(1.0),14/02/24 23:00:00,A,CLV10_EUR_HAB,B1GQ,RS,2000,2650,
ESTAT:SDG_08_10(1.0),14/02/24 23:00:00,A,CLV10_EUR_HAB,B1GQ,RS,2001,2840,
ESTAT:SDG_08_10(1.0),14/02/24 23:00:00,A,CLV10_EUR_HAB,B1GQ,RS,2002,3020,
ESTAT:SDG_08_10(1.0),14/02/24 23:00:00,A,CLV10_EUR_HAB,B1GQ,RS,2003,3160,
ESTAT:SDG_08_10(1.0),14/02/24 23:00:00,A,CLV10_EUR_HAB,B1GQ,RS,2004,3460,
ESTAT:SDG_08_10(1.0),14/02/24 23:00:00,A,CLV10_EUR_HAB,B1GQ,RS,2005,3660,
ESTAT:SDG_08_10(1.0),14/02/24 23:00:00,A,CLV10_EUR_HAB,B1GQ,RS,2006,3860,
ESTAT:SDG_08_10(1.0),14/02/24 23:00:00,A,CLV10_EUR_HAB,B1GQ,RS,2007,4130,
ESTAT:SDG_08_10(1.0),14/02/24 23:00:00,A,CLV10_EUR_HAB,B1GQ,RS,2008,4380,
ESTAT:SDG_08_10(1.0),14/02/24 23:00:00,A,CLV10_EUR_HAB,B1GQ,RS,2009,4280,
ESTAT:SDG_08_10(1.0),14/02/24 23:00:00,A,CLV10_EUR_HAB,B1GQ,RS,2010,4330,
ESTAT:SDG_08_10(1.0),14/02/24 23:00:00,A,CLV10_EUR_HAB,B1GQ,RS,2011,4450,
ESTAT:SDG_08_10(1.0),14/02/24 23:00:00,A,CLV10_EUR_HAB,B1GQ,RS,2012,4440,
ESTAT:SDG_08_10(1.0),14/02/24 23:00:00,A,CLV10_EUR_HAB,B1GQ,RS,2013,4590,
ESTAT:SDG_08_10(1.0),14/02/24 23:00:00,A,CLV10_EUR_HAB,B1GQ,RS,2014,4540,
ESTAT:SDG_08_10(1.0),14/02/24 23:00:00,A,CLV10_EUR_HAB,B1GQ,RS,2015,4640,
ESTAT:SDG_08_10(1.0),14/02/24 23:00:00,A,CLV10_EUR_HAB,B1GQ,RS,2016,4820,
ESTAT:SDG_08_10(1.0),14/02/24 23:00:00,A,CLV10_EUR_HAB,B1GQ,RS,2017,4950,
ESTAT:SDG_08_10(1.0),14/02/24 23:00:00,A,CLV10_EUR_HAB,B1GQ,RS,2018,5200,
ESTAT:SDG_08_10(1.0),14/02/24 23:00:00,A,CLV10_EUR_HAB,B1GQ,RS,2019,5460,
ESTAT:SDG_08_10(1.0),14/02/24 23:00:00,A,CLV10_EUR_HAB,B1GQ,RS,2020,5440,
ESTAT:SDG_08_10(1.0),14/02/24 23:00:00,A,CLV10_EUR_HAB,B1GQ,RS,2021,5920,
ESTAT:SDG_08_10(1.0),14/02/24 23:00:00,A,CLV10_EUR_HAB,B1GQ,RS,2022,6230,p
ESTAT:SDG_08_10(1.0),14/02/24 23:00:00,A,CLV10_EUR_HAB,B1GQ,SE,2000,33960,
ESTAT:SDG_08_10(1.0),14/02/24 23:00:00,A,CLV10_EUR_HAB,B1GQ,SE,2001,34360,
ESTAT:SDG_08_10(1.0),14/02/24 23:00:00,A,CLV10_EUR_HAB,B1GQ,SE,2002,35000,
ESTAT:SDG_08_10(1.0),14/02/24 23:00:00,A,CLV10_EUR_HAB,B1GQ,SE,2003,35680,
ESTAT:SDG_08_10(1.0),14/02/24 23:00:00,A,CLV10_EUR_HAB,B1GQ,SE,2004,37080,
ESTAT:SDG_08_10(1.0),14/02/24 23:00:00,A,CLV10_EUR_HAB,B1GQ,SE,2005,37990,
ESTAT:SDG_08_10(1.0),14/02/24 23:00:00,A,CLV10_EUR_HAB,B1GQ,SE,2006,39540,
ESTAT:SDG_08_10(1.0),14/02/24 23:00:00,A,CLV10_EUR_HAB,B1GQ,SE,2007,40590,
ESTAT:SDG_08_10(1.0),14/02/24 23:00:00,A,CLV10_EUR_HAB,B1GQ,SE,2008,40100,
ESTAT:SDG_08_10(1.0),14/02/24 23:00:00,A,CLV10_EUR_HAB,B1GQ,SE,2009,38030,
ESTAT:SDG_08_10(1.0),14/02/24 23:00:00,A,CLV10_EUR_HAB,B1GQ,SE,2010,39950,
ESTAT:SDG_08_10(1.0),14/02/24 23:00:00,A,CLV10_EUR_HAB,B1GQ,SE,2011,40920,
ESTAT:SDG_08_10(1.0),14/02/24 23:00:00,A,CLV10_EUR_HAB,B1GQ,SE,2012,40380,
ESTAT:SDG_08_10(1.0),14/02/24 23:00:00,A,CLV10_EUR_HAB,B1GQ,SE,2013,40510,
ESTAT:SDG_08_10(1.0),14/02/24 23:00:00,A,CLV10_EUR_HAB,B1GQ,SE,2014,41180,
ESTAT:SDG_08_10(1.0),14/02/24 23:00:00,A,CLV10_EUR_HAB,B1GQ,SE,2015,42580,
ESTAT:SDG_08_10(1.0),14/02/24 23:00:00,A,CLV10_EUR_HAB,B1GQ,SE,2016,42920,
ESTAT:SDG_08_10(1.0),14/02/24 23:00:00,A,CLV10_EUR_HAB,B1GQ,SE,2017,43430,
ESTAT:SDG_08_10(1.0),14/02/24 23:00:00,A,CLV10_EUR_HAB,B1GQ,SE,2018,43760,
ESTAT:SDG_08_10(1.0),14/02/24 23:00:00,A,CLV10_EUR_HAB,B1GQ,SE,2019,44180,
ESTAT:SDG_08_10(1.0),14/02/24 23:00:00,A,CLV10_EUR_HAB,B1GQ,SE,2020,42910,
ESTAT:SDG_08_10(1.0),14/02/24 23:00:00,A,CLV10_EUR_HAB,B1GQ,SE,2021,45280,
ESTAT:SDG_08_10(1.0),14/02/24 23:00:00,A,CLV10_EUR_HAB,B1GQ,SE,2022,46280,
ESTAT:SDG_08_10(1.0),14/02/24 23:00:00,A,CLV10_EUR_HAB,B1GQ,SI,2000,13980,
ESTAT:SDG_08_10(1.0),14/02/24 23:00:00,A,CLV10_EUR_HAB,B1GQ,SI,2001,14410,
ESTAT:SDG_08_10(1.0),14/02/24 23:00:00,A,CLV10_EUR_HAB,B1GQ,SI,2002,14900,
ESTAT:SDG_08_10(1.0),14/02/24 23:00:00,A,CLV10_EUR_HAB,B1GQ,SI,2003,15330,
ESTAT:SDG_08_10(1.0),14/02/24 23:00:00,A,CLV10_EUR_HAB,B1GQ,SI,2004,15990,
ESTAT:SDG_08_10(1.0),14/02/24 23:00:00,A,CLV10_EUR_HAB,B1GQ,SI,2005,16570,
ESTAT:SDG_08_10(1.0),14/02/24 23:00:00,A,CLV10_EUR_HAB,B1GQ,SI,2006,17460,
ESTAT:SDG_08_10(1.0),14/02/24 23:00:00,A,CLV10_EUR_HAB,B1GQ,SI,2007,18570,
ESTAT:SDG_08_10(1.0),14/02/24 23:00:00,A,CLV10_EUR_HAB,B1GQ,SI,2008,19190,b
ESTAT:SDG_08_10(1.0),14/02/24 23:00:00,A,CLV10_EUR_HAB,B1GQ,SI,2009,17570,
ESTAT:SDG_08_10(1.0),14/02/24 23:00:00,A,CLV10_EUR_HAB,B1GQ,SI,2010,17750,
ESTAT:SDG_08_10(1.0),14/02/24 23:00:00,A,CLV10_EUR_HAB,B1GQ,SI,2011,17870,
ESTAT:SDG_08_10(1.0),14/02/24 23:00:00,A,CLV10_EUR_HAB,B1GQ,SI,2012,17360,
ESTAT:SDG_08_10(1.0),14/02/24 23:00:00,A,CLV10_EUR_HAB,B1GQ,SI,2013,17160,
ESTAT:SDG_08_10(1.0),14/02/24 23:00:00,A,CLV10_EUR_HAB,B1GQ,SI,2014,17620,
ESTAT:SDG_08_10(1.0),14/02/24 23:00:00,A,CLV10_EUR_HAB,B1GQ,SI,2015,17990,
ESTAT:SDG_08_10(1.0),14/02/24 23:00:00,A,CLV10_EUR_HAB,B1GQ,SI,2016,18550,
ESTAT:SDG_08_10(1.0),14/02/24 23:00:00,A,CLV10_EUR_HAB,B1GQ,SI,2017,19440,
ESTAT:SDG_08_10(1.0),14/02/24 23:00:00,A,CLV10_EUR_HAB,B1GQ,SI,2018,20240,
ESTAT:SDG_08_10(1.0),14/02/24 23:00:00,A,CLV10_EUR_HAB,B1GQ,SI,2019,20780,
ESTAT:SDG_08_10(1.0),14/02/24 23:00:00,A,CLV10_EUR_HAB,B1GQ,SI,2020,19770,
ESTAT:SDG_08_10(1.0),14/02/24 23:00:00,A,CLV10_EUR_HAB,B1GQ,SI,2021,21350,
ESTAT:SDG_08_10(1.0),14/02/24 23:00:00,A,CLV10_EUR_HAB,B1GQ,SI,2022,21870,
ESTAT:SDG_08_10(1.0),14/02/24 23:00:00,A,CLV10_EUR_HAB,B1GQ,SI,2023,22090,
ESTAT:SDG_08_10(1.0),14/02/24 23:00:00,A,CLV10_EUR_HAB,B1GQ,SK,2000,7780,
ESTAT:SDG_08_10(1.0),14/02/24 23:00:00,A,CLV10_EUR_HAB,B1GQ,SK,2001,8060,
ESTAT:SDG_08_10(1.0),14/02/24 23:00:00,A,CLV10_EUR_HAB,B1GQ,SK,2002,8430,
ESTAT:SDG_08_10(1.0),14/02/24 23:00:00,A,CLV10_EUR_HAB,B1GQ,SK,2003,8890,
ESTAT:SDG_08_10(1.0),14/02/24 23:00:00,A,CLV10_EUR_HAB,B1GQ,SK,2004,9360,
ESTAT:SDG_08_10(1.0),14/02/24 23:00:00,A,CLV10_EUR_HAB,B1GQ,SK,2005,9970,
ESTAT:SDG_08_10(1.0),14/02/24 23:00:00,A,CLV10_EUR_HAB,B1GQ,SK,2006,10800,
ESTAT:SDG_08_10(1.0),14/02/24 23:00:00,A,CLV10_EUR_HAB,B1GQ,SK,2007,11960,
ESTAT:SDG_08_10(1.0),14/02/24 23:00:00,A,CLV10_EUR_HAB,B1GQ,SK,2008,12610,
ESTAT:SDG_08_10(1.0),14/02/24 23:00:00,A,CLV10_EUR_HAB,B1GQ,SK,2009,11890,
ESTAT:SDG_08_10(1.0),14/02/24 23:00:00,A,CLV10_EUR_HAB,B1GQ,SK,2010,12660,
ESTAT:SDG_08_10(1.0),14/02/24 23:00:00,A,CLV10_EUR_HAB,B1GQ,SK,2011,13080,
ESTAT:SDG_08_10(1.0),14/02/24 23:00:00,A,CLV10_EUR_HAB,B1GQ,SK,2012,13230,
ESTAT:SDG_08_10(1.0),14/02/24 23:00:00,A,CLV10_EUR_HAB,B1GQ,SK,2013,13300,
ESTAT:SDG_08_10(1.0),14/02/24 23:00:00,A,CLV10_EUR_HAB,B1GQ,SK,2014,13640,
ESTAT:SDG_08_10(1.0),14/02/24 23:00:00,A,CLV10_EUR_HAB,B1GQ,SK,2015,14340,
ESTAT:SDG_08_10(1.0),14/02/24 23:00:00,A,CLV10_EUR_HAB,B1GQ,SK,2016,14590,
ESTAT:SDG_08_10(1.0),14/02/24 23:00:00,A,CLV10_EUR_HAB,B1GQ,SK,2017,15000,
ESTAT:SDG_08_10(1.0),14/02/24 23:00:00,A,CLV10_EUR_HAB,B1GQ,SK,2018,15580,
ESTAT:SDG_08_10(1.0),14/02/24 23:00:00,A,CLV10_EUR_HAB,B1GQ,SK,2019,15960,
ESTAT:SDG_08_10(1.0),14/02/24 23:00:00,A,CLV10_EUR_HAB,B1GQ,SK,2020,15400,
ESTAT:SDG_08_10(1.0),14/02/24 23:00:00,A,CLV10_EUR_HAB,B1GQ,SK,2021,16200,
ESTAT:SDG_08_10(1.0),14/02/24 23:00:00,A,CLV10_EUR_HAB,B1GQ,SK,2022,16340,
ESTAT:SDG_08_10(1.0),14/02/24 23:00:00,A,CLV10_EUR_HAB,B1GQ,TR,2000,6130,
ESTAT:SDG_08_10(1.0),14/02/24 23:00:00,A,CLV10_EUR_HAB,B1GQ,TR,2001,5700,
ESTAT:SDG_08_10(1.0),14/02/24 23:00:00,A,CLV10_EUR_HAB,B1GQ,TR,2002,5990,
ESTAT:SDG_08_10(1.0),14/02/24 23:00:00,A,CLV10_EUR_HAB,B1GQ,TR,2003,6260,
ESTAT:SDG_08_10(1.0),14/02/24 23:00:00,A,CLV10_EUR_HAB,B1GQ,TR,2004,6790,
ESTAT:SDG_08_10(1.0),14/02/24 23:00:00,A,CLV10_EUR_HAB,B1GQ,TR,2005,7310,
ESTAT:SDG_08_10(1.0),14/02/24 23:00:00,A,CLV10_EUR_HAB,B1GQ,TR,2006,7720,
ESTAT:SDG_08_10(1.0),14/02/24 23:00:00,A,CLV10_EUR_HAB,B1GQ,TR,2007,8010,
ESTAT:SDG_08_10(1.0),14/02/24 23:00:00,A,CLV10_EUR_HAB,B1GQ,TR,2008,7980,
ESTAT:SDG_08_10(1.0),14/02/24 23:00:00,A,CLV10_EUR_HAB,B1GQ,TR,2009,7490,
ESTAT:SDG_08_10(1.0),14/02/24 23:00:00,A,CLV10_EUR_HAB,B1GQ,TR,2010,8000,
ESTAT:SDG_08_10(1.0),14/02/24 23:00:00,A,CLV10_EUR_HAB,B1GQ,TR,2011,8760,
ESTAT:SDG_08_10(1.0),14/02/24 23:00:00,A,CLV10_EUR_HAB,B1GQ,TR,2012,9070,
ESTAT:SDG_08_10(1.0),14/02/24 23:00:00,A,CLV10_EUR_HAB,B1GQ,TR,2013,9710,
ESTAT:SDG_08_10(1.0),14/02/24 23:00:00,A,CLV10_EUR_HAB,B1GQ,TR,2014,10050,
ESTAT:SDG_08_10(1.0),14/02/24 23:00:00,A,CLV10_EUR_HAB,B1GQ,TR,2015,10520,
ESTAT:SDG_08_10(1.0),14/02/24 23:00:00,A,CLV10_EUR_HAB,B1GQ,TR,2016,10730,
ESTAT:SDG_08_10(1.0),14/02/24 23:00:00,A,CLV10_EUR_HAB,B1GQ,TR,2017,11380,
ESTAT:SDG_08_10(1.0),14/02/24 23:00:00,A,CLV10_EUR_HAB,B1GQ,TR,2018,11570,
ESTAT:SDG_08_10(1.0),14/02/24 23:00:00,A,CLV10_EUR_HAB,B1GQ,TR,2019,11500,
ESTAT:SDG_08_10(1.0),14/02/24 23:00:00,A,CLV10_EUR_HAB,B1GQ,TR,2020,11600,
ESTAT:SDG_08_10(1.0),14/02/24 23:00:00,A,CLV10_EUR_HAB,B1GQ,TR,2021,12810,
ESTAT:SDG_08_10(1.0),14/02/24 23:00:00,A,CLV10_EUR_HAB,B1GQ,TR,2022,13380,
ESTAT:SDG_08_10(1.0),14/02/24 23:00:00,A,CLV10_EUR_HAB,B1GQ,UK,2000,27130,
ESTAT:SDG_08_10(1.0),14/02/24 23:00:00,A,CLV10_EUR_HAB,B1GQ,UK,2001,27770,
ESTAT:SDG_08_10(1.0),14/02/24 23:00:00,A,CLV10_EUR_HAB,B1GQ,UK,2002,28250,
ESTAT:SDG_08_10(1.0),14/02/24 23:00:00,A,CLV10_EUR_HAB,B1GQ,UK,2003,29060,
ESTAT:SDG_08_10(1.0),14/02/24 23:00:00,A,CLV10_EUR_HAB,B1GQ,UK,2004,29560,
ESTAT:SDG_08_10(1.0),14/02/24 23:00:00,A,CLV10_EUR_HAB,B1GQ,UK,2005,30210,
ESTAT:SDG_08_10(1.0),14/02/24 23:00:00,A,CLV10_EUR_HAB,B1GQ,UK,2006,30810,
ESTAT:SDG_08_10(1.0),14/02/24 23:00:00,A,CLV10_EUR_HAB,B1GQ,UK,2007,31280,
ESTAT:SDG_08_10(1.0),14/02/24 23:00:00,A,CLV10_EUR_HAB,B1GQ,UK,2008,30940,
ESTAT:SDG_08_10(1.0),14/02/24 23:00:00,A,CLV10_EUR_HAB,B1GQ,UK,2009,29460,
ESTAT:SDG_08_10(1.0),14/02/24 23:00:00,A,CLV10_EUR_HAB,B1GQ,UK,2010,29830,
ESTAT:SDG_08_10(1.0),14/02/24 23:00:00,A,CLV10_EUR_HAB,B1GQ,UK,2011,29960,
ESTAT:SDG_08_10(1.0),14/02/24 23:00:00,A,CLV10_EUR_HAB,B1GQ,UK,2012,30190,
ESTAT:SDG_08_10(1.0),14/02/24 23:00:00,A,CLV10_EUR_HAB,B1GQ,UK,2013,30660,
ESTAT:SDG_08_10(1.0),14/02/24 23:00:00,A,CLV10_EUR_HAB,B1GQ,UK,2014,31290,
ESTAT:SDG_08_10(1.0),14/02/24 23:00:00,A,CLV10_EUR_HAB,B1GQ,UK,2015,31780,
ESTAT:SDG_08_10(1.0),14/02/24 23:00:00,A,CLV10_EUR_HAB,B1GQ,UK,2016,32060,
ESTAT:SDG_08_10(1.0),14/02/24 23:00:00,A,CLV10_EUR_HAB,B1GQ,UK,2017,32430,
ESTAT:SDG_08_10(1.0),14/02/24 23:00:00,A,CLV10_EUR_HAB,B1GQ,UK,2018,32640,
ESTAT:SDG_08_10(1.0),14/02/24 23:00:00,A,CLV10_EUR_HAB,B1GQ,UK,2019,32910,
