DATAFLOW,LAST UPDATE,freq,unit,s_adj,na_item,geo,TIME_PERIOD,OBS_VALUE,OBS_FLAG
ESTAT:NAMQ_10_GDP$DEFAULTVIEW(1.0),01/12/22 23:00:00,Q,CP_MEUR,NSA,B1GQ,AL,2020-Q2,3165.8,p
ESTAT:NAMQ_10_GDP$DEFAULTVIEW(1.0),01/12/22 23:00:00,Q,CP_MEUR,NSA,B1GQ,AL,2020-Q3,3412.3,p
ESTAT:NAMQ_10_GDP$DEFAULTVIEW(1.0),01/12/22 23:00:00,Q,CP_MEUR,NSA,B1GQ,AL,2020-Q4,3598.0,p
ESTAT:NAMQ_10_GDP$DEFAULTVIEW(1.0),01/12/22 23:00:00,Q,CP_MEUR,NSA,B1GQ,AL,2021-Q1,3348.7,p
ESTAT:NAMQ_10_GDP$DEFAULTVIEW(1.0),01/12/22 23:00:00,Q,CP_MEUR,NSA,B1GQ,AL,2021-Q2,4085.8,p
ESTAT:NAMQ_10_GDP$DEFAULTVIEW(1.0),01/12/22 23:00:00,Q,CP_MEUR,NSA,B1GQ,AL,2021-Q3,3908.8,p
ESTAT:NAMQ_10_GDP$DEFAULTVIEW(1.0),01/12/22 23:00:00,Q,CP_MEUR,NSA,B1GQ,AL,2021-Q4,4094.3,p
ESTAT:NAMQ_10_GDP$DEFAULTVIEW(1.0),01/12/22 23:00:00,Q,CP_MEUR,NSA,B1GQ,AL,2022-Q1,3989.5,p
ESTAT:NAMQ_10_GDP$DEFAULTVIEW(1.0),01/12/22 23:00:00,Q,CP_MEUR,NSA,B1GQ,AL,2022-Q2,4758.4,p
ESTAT:NAMQ_10_GDP$DEFAULTVIEW(1.0),01/12/22 23:00:00,Q,CP_MEUR,NSA,B1GQ,AT,2020-Q2,88533.8,
ESTAT:NAMQ_10_GDP$DEFAULTVIEW(1.0),01/12/22 23:00:00,Q,CP_MEUR,NSA,B1GQ,AT,2020-Q3,96845.2,
ESTAT:NAMQ_10_GDP$DEFAULTVIEW(1.0),01/12/22 23:00:00,Q,CP_MEUR,NSA,B1GQ,AT,2020-Q4,100536.3,
ESTAT:NAMQ_10_GDP$DEFAULTVIEW(1.0),01/12/22 23:00:00,Q,CP_MEUR,NSA,B1GQ,AT,2021-Q1,92140.6,
ESTAT:NAMQ_10_GDP$DEFAULTVIEW(1.0),01/12/22 23:00:00,Q,CP_MEUR,NSA,B1GQ,AT,2021-Q2,101311.9,
ESTAT:NAMQ_10_GDP$DEFAULTVIEW(1.0),01/12/22 23:00:00,Q,CP_MEUR,NSA,B1GQ,AT,2021-Q3,104260.2,
ESTAT:NAMQ_10_GDP$DEFAULTVIEW(1.0),01/12/22 23:00:00,Q,CP_MEUR,NSA,B1GQ,AT,2021-Q4,108436.0,
ESTAT:NAMQ_10_GDP$DEFAULTVIEW(1.0),01/12/22 23:00:00,Q,CP_MEUR,NSA,B1GQ,AT,2022-Q1,103941.2,
ESTAT:NAMQ_10_GDP$DEFAULTVIEW(1.0),01/12/22 23:00:00,Q,CP_MEUR,NSA,B1GQ,AT,2022-Q2,111904.8,
ESTAT:NAMQ_10_GDP$DEFAULTVIEW(1.0),01/12/22 23:00:00,Q,CP_MEUR,NSA,B1GQ,BA,2020-Q2,4113.2,
ESTAT:NAMQ_10_GDP$DEFAULTVIEW(1.0),01/12/22 23:00:00,Q,CP_MEUR,NSA,B1GQ,BA,2020-Q3,4597.8,
ESTAT:NAMQ_10_GDP$DEFAULTVIEW(1.0),01/12/22 23:00:00,Q,CP_MEUR,NSA,B1GQ,BA,2020-Q4,4523.7,
ESTAT:NAMQ_10_GDP$DEFAULTVIEW(1.0),01/12/22 23:00:00,Q,CP_MEUR,NSA,B1GQ,BA,2021-Q1,4367.5,
ESTAT:NAMQ_10_GDP$DEFAULTVIEW(1.0),01/12/22 23:00:00,Q,CP_MEUR,NSA,B1GQ,BA,2021-Q2,4628.9,
ESTAT:NAMQ_10_GDP$DEFAULTVIEW(1.0),01/12/22 23:00:00,Q,CP_MEUR,NSA,B1GQ,BA,2021-Q3,5047.4,
ESTAT:NAMQ_10_GDP$DEFAULTVIEW(1.0),01/12/22 23:00:00,Q,CP_MEUR,NSA,B1GQ,BA,2021-Q4,5031.3,
ESTAT:NAMQ_10_GDP$DEFAULTVIEW(1.0),01/12/22 23:00:00,Q,CP_MEUR,NSA,B1GQ,BA,2022-Q1,4912.4,
ESTAT:NAMQ_10_GDP$DEFAULTVIEW(1.0),01/12/22 23:00:00,Q,CP_MEUR,NSA,B1GQ,BE,2020-Q2,105644.0,p
ESTAT:NAMQ_10_GDP$DEFAULTVIEW(1.0),01/12/22 23:00:00,Q,CP_MEUR,NSA,B1GQ,BE,2020-Q3,113945.0,p
ESTAT:NAMQ_10_GDP$DEFAULTVIEW(1.0),01/12/22 23:00:00,Q,CP_MEUR,NSA,B1GQ,BE,2020-Q4,124206.0,p
ESTAT:NAMQ_10_GDP$DEFAULTVIEW(1.0),01/12/22 23:00:00,Q,CP_MEUR,NSA,B1GQ,BE,2021-Q1,118204.0,p
ESTAT:NAMQ_10_GDP$DEFAULTVIEW(1.0),01/12/22 23:00:00,Q,CP_MEUR,NSA,B1GQ,BE,2021-Q2,124635.0,p
ESTAT:NAMQ_10_GDP$DEFAULTVIEW(1.0),01/12/22 23:00:00,Q,CP_MEUR,NSA,B1GQ,BE,2021-Q3,122848.0,p
ESTAT:NAMQ_10_GDP$DEFAULTVIEW(1.0),01/12/22 23:00:00,Q,CP_MEUR,NSA,B1GQ,BE,2021-Q4,136625.0,p
ESTAT:NAMQ_10_GDP$DEFAULTVIEW(1.0),01/12/22 23:00:00,Q,CP_MEUR,NSA,B1GQ,BE,2022-Q1,131538.0,p
ESTAT:NAMQ_10_GDP$DEFAULTVIEW(1.0),01/12/22 23:00:00,Q,CP_MEUR,NSA,B1GQ,BE,2022-Q2,138463.0,p
ESTAT:NAMQ_10_GDP$DEFAULTVIEW(1.0),01/12/22 23:00:00,Q,CP_MEUR,NSA,B1GQ,BE,2022-Q3,133964.0,p
ESTAT:NAMQ_10_GDP$DEFAULTVIEW(1.0),01/12/22 23:00:00,Q,CP_MEUR,NSA,B1GQ,BG,2020-Q2,14307.8,
ESTAT:NAMQ_10_GDP$DEFAULTVIEW(1.0),01/12/22 23:00:00,Q,CP_MEUR,NSA,B1GQ,BG,2020-Q3,16793.4,
ESTAT:NAMQ_10_GDP$DEFAULTVIEW(1.0),01/12/22 23:00:00,Q,CP_MEUR,NSA,B1GQ,BG,2020-Q4,17374.9,
ESTAT:NAMQ_10_GDP$DEFAULTVIEW(1.0),01/12/22 23:00:00,Q,CP_MEUR,NSA,B1GQ,BG,2021-Q1,14512.3,
ESTAT:NAMQ_10_GDP$DEFAULTVIEW(1.0),01/12/22 23:00:00,Q,CP_MEUR,NSA,B1GQ,BG,2021-Q2,16532.1,
ESTAT:NAMQ_10_GDP$DEFAULTVIEW(1.0),01/12/22 23:00:00,Q,CP_MEUR,NSA,B1GQ,BG,2021-Q3,19514.9,
ESTAT:NAMQ_10_GDP$DEFAULTVIEW(1.0),01/12/22 23:00:00,Q,CP_MEUR,NSA,B1GQ,BG,2021-Q4,20517.6,
ESTAT:NAMQ_10_GDP$DEFAULTVIEW(1.0),01/12/22 23:00:00,Q,CP_MEUR,NSA,B1GQ,BG,2022-Q1,17247.9,p
ESTAT:NAMQ_10_GDP$DEFAULTVIEW(1.0),01/12/22 23:00:00,Q,CP_MEUR,NSA,B1GQ,BG,2022-Q2,20074.5,p
ESTAT:NAMQ_10_GDP$DEFAULTVIEW(1.0),01/12/22 23:00:00,Q,CP_MEUR,NSA,B1GQ,CH,2020-Q2,155236.9,
ESTAT:NAMQ_10_GDP$DEFAULTVIEW(1.0),01/12/22 23:00:00,Q,CP_MEUR,NSA,B1GQ,CH,2020-Q3,163542.1,
ESTAT:NAMQ_10_GDP$DEFAULTVIEW(1.0),01/12/22 23:00:00,Q,CP_MEUR,NSA,B1GQ,CH,2020-Q4,166431.2,
ESTAT:NAMQ_10_GDP$DEFAULTVIEW(1.0),01/12/22 23:00:00,Q,CP_MEUR,NSA,B1GQ,CH,2021-Q1,159402.5,
ESTAT:NAMQ_10_GDP$DEFAULTVIEW(1.0),01/12/22 23:00:00,Q,CP_MEUR,NSA,B1GQ,CH,2021-Q2,166184.9,
ESTAT:NAMQ_10_GDP$DEFAULTVIEW(1.0),01/12/22 23:00:00,Q,CP_MEUR,NSA,B1GQ,CH,2021-Q3,171143.0,
ESTAT:NAMQ_10_GDP$DEFAULTVIEW(1.0),01/12/22 23:00:00,Q,CP_MEUR,NSA,B1GQ,CH,2021-Q4,180236.8,
ESTAT:NAMQ_10_GDP$DEFAULTVIEW(1.0),01/12/22 23:00:00,Q,CP_MEUR,NSA,B1GQ,CH,2022-Q1,180837.3,
ESTAT:NAMQ_10_GDP$DEFAULTVIEW(1.0),01/12/22 23:00:00,Q,CP_MEUR,NSA,B1GQ,CH,2022-Q2,187689.0,
ESTAT:NAMQ_10_GDP$DEFAULTVIEW(1.0),01/12/22 23:00:00,Q,CP_MEUR,NSA,B1GQ,CH,2022-Q3,198520.3,
ESTAT:NAMQ_10_GDP$DEFAULTVIEW(1.0),01/12/22 23:00:00,Q,CP_MEUR,NSA,B1GQ,CY,2020-Q2,5072.6,
ESTAT:NAMQ_10_GDP$DEFAULTVIEW(1.0),01/12/22 23:00:00,Q,CP_MEUR,NSA,B1GQ,CY,2020-Q3,5652.7,
ESTAT:NAMQ_10_GDP$DEFAULTVIEW(1.0),01/12/22 23:00:00,Q,CP_MEUR,NSA,B1GQ,CY,2020-Q4,5624.8,
ESTAT:NAMQ_10_GDP$DEFAULTVIEW(1.0),01/12/22 23:00:00,Q,CP_MEUR,NSA,B1GQ,CY,2021-Q1,5570.4,
ESTAT:NAMQ_10_GDP$DEFAULTVIEW(1.0),01/12/22 23:00:00,Q,CP_MEUR,NSA,B1GQ,CY,2021-Q2,5853.2,
ESTAT:NAMQ_10_GDP$DEFAULTVIEW(1.0),01/12/22 23:00:00,Q,CP_MEUR,NSA,B1GQ,CY,2021-Q3,6251.2,
ESTAT:NAMQ_10_GDP$DEFAULTVIEW(1.0),01/12/22 23:00:00,Q,CP_MEUR,NSA,B1GQ,CY,2021-Q4,6344.0,
ESTAT:NAMQ_10_GDP$DEFAULTVIEW(1.0),01/12/22 23:00:00,Q,CP_MEUR,NSA,B1GQ,CY,2022-Q1,6196.6,
ESTAT:NAMQ_10_GDP$DEFAULTVIEW(1.0),01/12/22 23:00:00,Q,CP_MEUR,NSA,B1GQ,CY,2022-Q2,6598.2,
ESTAT:NAMQ_10_GDP$DEFAULTVIEW(1.0),01/12/22 23:00:00,Q,CP_MEUR,NSA,B1GQ,CY,2022-Q3,7096.0,
ESTAT:NAMQ_10_GDP$DEFAULTVIEW(1.0),01/12/22 23:00:00,Q,CP_MEUR,NSA,B1GQ,CZ,2020-Q2,49912.6,
ESTAT:NAMQ_10_GDP$DEFAULTVIEW(1.0),01/12/22 23:00:00,Q,CP_MEUR,NSA,B1GQ,CZ,2020-Q3,55297.3,
ESTAT:NAMQ_10_GDP$DEFAULTVIEW(1.0),01/12/22 23:00:00,Q,CP_MEUR,NSA,B1GQ,CZ,2020-Q4,57165.8,
ESTAT:NAMQ_10_GDP$DEFAULTVIEW(1.0),01/12/22 23:00:00,Q,CP_MEUR,NSA,B1GQ,CZ,2021-Q1,53083.1,
ESTAT:NAMQ_10_GDP$DEFAULTVIEW(1.0),01/12/22 23:00:00,Q,CP_MEUR,NSA,B1GQ,CZ,2021-Q2,59956.7,
ESTAT:NAMQ_10_GDP$DEFAULTVIEW(1.0),01/12/22 23:00:00,Q,CP_MEUR,NSA,B1GQ,CZ,2021-Q3,61829.7,
ESTAT:NAMQ_10_GDP$DEFAULTVIEW(1.0),01/12/22 23:00:00,Q,CP_MEUR,NSA,B1GQ,CZ,2021-Q4,63479.3,
ESTAT:NAMQ_10_GDP$DEFAULTVIEW(1.0),01/12/22 23:00:00,Q,CP_MEUR,NSA,B1GQ,CZ,2022-Q1,62419.9,
ESTAT:NAMQ_10_GDP$DEFAULTVIEW(1.0),01/12/22 23:00:00,Q,CP_MEUR,NSA,B1GQ,CZ,2022-Q2,68945.7,
ESTAT:NAMQ_10_GDP$DEFAULTVIEW(1.0),01/12/22 23:00:00,Q,CP_MEUR,NSA,B1GQ,DE,2020-Q2,787350.0,p
ESTAT:NAMQ_10_GDP$DEFAULTVIEW(1.0),01/12/22 23:00:00,Q,CP_MEUR,NSA,B1GQ,DE,2020-Q3,861590.0,p
ESTAT:NAMQ_10_GDP$DEFAULTVIEW(1.0),01/12/22 23:00:00,Q,CP_MEUR,NSA,B1GQ,DE,2020-Q4,889580.0,p
ESTAT:NAMQ_10_GDP$DEFAULTVIEW(1.0),01/12/22 23:00:00,Q,CP_MEUR,NSA,B1GQ,DE,2021-Q1,862030.0,p
ESTAT:NAMQ_10_GDP$DEFAULTVIEW(1.0),01/12/22 23:00:00,Q,CP_MEUR,NSA,B1GQ,DE,2021-Q2,878060.0,p
ESTAT:NAMQ_10_GDP$DEFAULTVIEW(1.0),01/12/22 23:00:00,Q,CP_MEUR,NSA,B1GQ,DE,2021-Q3,915990.0,p
ESTAT:NAMQ_10_GDP$DEFAULTVIEW(1.0),01/12/22 23:00:00,Q,CP_MEUR,NSA,B1GQ,DE,2021-Q4,945670.0,p
ESTAT:NAMQ_10_GDP$DEFAULTVIEW(1.0),01/12/22 23:00:00,Q,CP_MEUR,NSA,B1GQ,DE,2022-Q1,936190.0,p
ESTAT:NAMQ_10_GDP$DEFAULTVIEW(1.0),01/12/22 23:00:00,Q,CP_MEUR,NSA,B1GQ,DE,2022-Q2,945730.0,p
ESTAT:NAMQ_10_GDP$DEFAULTVIEW(1.0),01/12/22 23:00:00,Q,CP_MEUR,NSA,B1GQ,DE,2022-Q3,969220.0,p
ESTAT:NAMQ_10_GDP$DEFAULTVIEW(1.0),01/12/22 23:00:00,Q,CP_MEUR,NSA,B1GQ,DK,2020-Q2,74993.5,
ESTAT:NAMQ_10_GDP$DEFAULTVIEW(1.0),01/12/22 23:00:00,Q,CP_MEUR,NSA,B1GQ,DK,2020-Q3,78197.8,
ESTAT:NAMQ_10_GDP$DEFAULTVIEW(1.0),01/12/22 23:00:00,Q,CP_MEUR,NSA,B1GQ,DK,2020-Q4,81830.5,
ESTAT:NAMQ_10_GDP$DEFAULTVIEW(1.0),01/12/22 23:00:00,Q,CP_MEUR,NSA,B1GQ,DK,2021-Q1,77598.3,
ESTAT:NAMQ_10_GDP$DEFAULTVIEW(1.0),01/12/22 23:00:00,Q,CP_MEUR,NSA,B1GQ,DK,2021-Q2,83735.7,
ESTAT:NAMQ_10_GDP$DEFAULTVIEW(1.0),01/12/22 23:00:00,Q,CP_MEUR,NSA,B1GQ,DK,2021-Q3,84163.4,
ESTAT:NAMQ_10_GDP$DEFAULTVIEW(1.0),01/12/22 23:00:00,Q,CP_MEUR,NSA,B1GQ,DK,2021-Q4,91219.7,
ESTAT:NAMQ_10_GDP$DEFAULTVIEW(1.0),01/12/22 23:00:00,Q,CP_MEUR,NSA,B1GQ,DK,2022-Q1,87375.7,
ESTAT:NAMQ_10_GDP$DEFAULTVIEW(1.0),01/12/22 23:00:00,Q,CP_MEUR,NSA,B1GQ,DK,2022-Q2,94669.2,
ESTAT:NAMQ_10_GDP$DEFAULTVIEW(1.0),01/12/22 23:00:00,Q,CP_MEUR,NSA,B1GQ,DK,2022-Q3,95753.1,
ESTAT:NAMQ_10_GDP$DEFAULTVIEW(1.0),01/12/22 23:00:00,Q,CP_MEUR,NSA,B1GQ,EA,2020-Q2,2631505.1,
ESTAT:NAMQ_10_GDP$DEFAULTVIEW(1.0),01/12/22 23:00:00,Q,CP_MEUR,NSA,B1GQ,EA,2020-Q3,2909577.8,
ESTAT:NAMQ_10_GDP$DEFAULTVIEW(1.0),01/12/22 23:00:00,Q,CP_MEUR,NSA,B1GQ,EA,2020-Q4,3034928.4,
ESTAT:NAMQ_10_GDP$DEFAULTVIEW(1.0),01/12/22 23:00:00,Q,CP_MEUR,NSA,B1GQ,EA,2021-Q1,2902347.4,
ESTAT:NAMQ_10_GDP$DEFAULTVIEW(1.0),01/12/22 23:00:00,Q,CP_MEUR,NSA,B1GQ,EA,2021-Q2,3032814.4,
ESTAT:NAMQ_10_GDP$DEFAULTVIEW(1.0),01/12/22 23:00:00,Q,CP_MEUR,NSA,B1GQ,EA,2021-Q3,3111503.7,
ESTAT:NAMQ_10_GDP$DEFAULTVIEW(1.0),01/12/22 23:00:00,Q,CP_MEUR,NSA,B1GQ,EA,2021-Q4,3266449.1,
ESTAT:NAMQ_10_GDP$DEFAULTVIEW(1.0),01/12/22 23:00:00,Q,CP_MEUR,NSA,B1GQ,EA,2022-Q1,3172772.0,
ESTAT:NAMQ_10_GDP$DEFAULTVIEW(1.0),01/12/22 23:00:00,Q,CP_MEUR,NSA,B1GQ,EA,2022-Q2,3295920.8,
ESTAT:NAMQ_10_GDP$DEFAULTVIEW(1.0),01/12/22 23:00:00,Q,CP_MEUR,NSA,B1GQ,EA12,2020-Q2,2565078.2,
ESTAT:NAMQ_10_GDP$DEFAULTVIEW(1.0),01/12/22 23:00:00,Q,CP_MEUR,NSA,B1GQ,EA12,2020-Q3,2834796.1,
ESTAT:NAMQ_10_GDP$DEFAULTVIEW(1.0),01/12/22 23:00:00,Q,CP_MEUR,NSA,B1GQ,EA12,2020-Q4,2960319.4,
ESTAT:NAMQ_10_GDP$DEFAULTVIEW(1.0),01/12/22 23:00:00,Q,CP_MEUR,NSA,B1GQ,EA12,2021-Q1,2833810.6,
ESTAT:NAMQ_10_GDP$DEFAULTVIEW(1.0),01/12/22 23:00:00,Q,CP_MEUR,NSA,B1GQ,EA12,2021-Q2,2956129.6,
ESTAT:NAMQ_10_GDP$DEFAULTVIEW(1.0),01/12/22 23:00:00,Q,CP_MEUR,NSA,B1GQ,EA12,2021-Q3,3029372.2,
ESTAT:NAMQ_10_GDP$DEFAULTVIEW(1.0),01/12/22 23:00:00,Q,CP_MEUR,NSA,B1GQ,EA12,2021-Q4,3183107.0,
ESTAT:NAMQ_10_GDP$DEFAULTVIEW(1.0),01/12/22 23:00:00,Q,CP_MEUR,NSA,B1GQ,EA12,2022-Q1,3094440.7,
ESTAT:NAMQ_10_GDP$DEFAULTVIEW(1.0),01/12/22 23:00:00,Q,CP_MEUR,NSA,B1GQ,EA12,2022-Q2,3208359.6,
ESTAT:NAMQ_10_GDP$DEFAULTVIEW(1.0),01/12/22 23:00:00,Q,CP_MEUR,NSA,B1GQ,EA19,2020-Q2,2631505.1,
ESTAT:NAMQ_10_GDP$DEFAULTVIEW(1.0),01/12/22 23:00:00,Q,CP_MEUR,NSA,B1GQ,EA19,2020-Q3,2909577.8,
ESTAT:NAMQ_10_GDP$DEFAULTVIEW(1.0),01/12/22 23:00:00,Q,CP_MEUR,NSA,B1GQ,EA19,2020-Q4,3034928.4,
ESTAT:NAMQ_10_GDP$DEFAULTVIEW(1.0),01/12/22 23:00:00,Q,CP_MEUR,NSA,B1GQ,EA19,2021-Q1,2902347.4,
ESTAT:NAMQ_10_GDP$DEFAULTVIEW(1.0),01/12/22 23:00:00,Q,CP_MEUR,NSA,B1GQ,EA19,2021-Q2,3032814.4,
ESTAT:NAMQ_10_GDP$DEFAULTVIEW(1.0),01/12/22 23:00:00,Q,CP_MEUR,NSA,B1GQ,EA19,2021-Q3,3111503.7,
ESTAT:NAMQ_10_GDP$DEFAULTVIEW(1.0),01/12/22 23:00:00,Q,CP_MEUR,NSA,B1GQ,EA19,2021-Q4,3266449.1,
ESTAT:NAMQ_10_GDP$DEFAULTVIEW(1.0),01/12/22 23:00:00,Q,CP_MEUR,NSA,B1GQ,EA19,2022-Q1,3172772.0,
ESTAT:NAMQ_10_GDP$DEFAULTVIEW(1.0),01/12/22 23:00:00,Q,CP_MEUR,NSA,B1GQ,EA19,2022-Q2,3295920.8,
ESTAT:NAMQ_10_GDP$DEFAULTVIEW(1.0),01/12/22 23:00:00,Q,CP_MEUR,NSA,B1GQ,EE,2020-Q2,6468.1,
ESTAT:NAMQ_10_GDP$DEFAULTVIEW(1.0),01/12/22 23:00:00,Q,CP_MEUR,NSA,B1GQ,EE,2020-Q3,7047.0,
ESTAT:NAMQ_10_GDP$DEFAULTVIEW(1.0),01/12/22 23:00:00,Q,CP_MEUR,NSA,B1GQ,EE,2020-Q4,7501.1,
ESTAT:NAMQ_10_GDP$DEFAULTVIEW(1.0),01/12/22 23:00:00,Q,CP_MEUR,NSA,B1GQ,EE,2021-Q1,6751.5,
ESTAT:NAMQ_10_GDP$DEFAULTVIEW(1.0),01/12/22 23:00:00,Q,CP_MEUR,NSA,B1GQ,EE,2021-Q2,7631.7,
ESTAT:NAMQ_10_GDP$DEFAULTVIEW(1.0),01/12/22 23:00:00,Q,CP_MEUR,NSA,B1GQ,EE,2021-Q3,8164.6,
ESTAT:NAMQ_10_GDP$DEFAULTVIEW(1.0),01/12/22 23:00:00,Q,CP_MEUR,NSA,B1GQ,EE,2021-Q4,8897.1,
ESTAT:NAMQ_10_GDP$DEFAULTVIEW(1.0),01/12/22 23:00:00,Q,CP_MEUR,NSA,B1GQ,EE,2022-Q1,8097.3,
ESTAT:NAMQ_10_GDP$DEFAULTVIEW(1.0),01/12/22 23:00:00,Q,CP_MEUR,NSA,B1GQ,EE,2022-Q2,9006.8,
ESTAT:NAMQ_10_GDP$DEFAULTVIEW(1.0),01/12/22 23:00:00,Q,CP_MEUR,NSA,B1GQ,EE,2022-Q3,9299.6,
ESTAT:NAMQ_10_GDP$DEFAULTVIEW(1.0),01/12/22 23:00:00,Q,CP_MEUR,NSA,B1GQ,EL,2020-Q2,37885.0,p
ESTAT:NAMQ_10_GDP$DEFAULTVIEW(1.0),01/12/22 23:00:00,Q,CP_MEUR,NSA,B1GQ,EL,2020-Q3,44490.9,p
ESTAT:NAMQ_10_GDP$DEFAULTVIEW(1.0),01/12/22 23:00:00,Q,CP_MEUR,NSA,B1GQ,EL,2020-Q4,42360.0,p
ESTAT:NAMQ_10_GDP$DEFAULTVIEW(1.0),01/12/22 23:00:00,Q,CP_MEUR,NSA,B1GQ,EL,2021-Q1,39760.8,p
ESTAT:NAMQ_10_GDP$DEFAULTVIEW(1.0),01/12/22 23:00:00,Q,CP_MEUR,NSA,B1GQ,EL,2021-Q2,44064.2,p
ESTAT:NAMQ_10_GDP$DEFAULTVIEW(1.0),01/12/22 23:00:00,Q,CP_MEUR,NSA,B1GQ,EL,2021-Q3,51067.7,p
ESTAT:NAMQ_10_GDP$DEFAULTVIEW(1.0),01/12/22 23:00:00,Q,CP_MEUR,NSA,B1GQ,EL,2021-Q4,47937.5,p
ESTAT:NAMQ_10_GDP$DEFAULTVIEW(1.0),01/12/22 23:00:00,Q,CP_MEUR,NSA,B1GQ,EL,2022-Q1,46731.7,p
ESTAT:NAMQ_10_GDP$DEFAULTVIEW(1.0),01/12/22 23:00:00,Q,CP_MEUR,NSA,B1GQ,EL,2022-Q2,51464.8,p
ESTAT:NAMQ_10_GDP$DEFAULTVIEW(1.0),01/12/22 23:00:00,Q,CP_MEUR,NSA,B1GQ,ES,2020-Q2,250201.0,p
ESTAT:NAMQ_10_GDP$DEFAULTVIEW(1.0),01/12/22 23:00:00,Q,CP_MEUR,NSA,B1GQ,ES,2020-Q3,280966.0,p
ESTAT:NAMQ_10_GDP$DEFAULTVIEW(1.0),01/12/22 23:00:00,Q,CP_MEUR,NSA,B1GQ,ES,2020-Q4,297752.0,p
ESTAT:NAMQ_10_GDP$DEFAULTVIEW(1.0),01/12/22 23:00:00,Q,CP_MEUR,NSA,B1GQ,ES,2021-Q1,279044.0,p
ESTAT:NAMQ_10_GDP$DEFAULTVIEW(1.0),01/12/22 23:00:00,Q,CP_MEUR,NSA,B1GQ,ES,2021-Q2,299630.0,p
ESTAT:NAMQ_10_GDP$DEFAULTVIEW(1.0),01/12/22 23:00:00,Q,CP_MEUR,NSA,B1GQ,ES,2021-Q3,298851.0,p
ESTAT:NAMQ_10_GDP$DEFAULTVIEW(1.0),01/12/22 23:00:00,Q,CP_MEUR,NSA,B1GQ,ES,2021-Q4,329317.0,p
ESTAT:NAMQ_10_GDP$DEFAULTVIEW(1.0),01/12/22 23:00:00,Q,CP_MEUR,NSA,B1GQ,ES,2022-Q1,310817.0,p
ESTAT:NAMQ_10_GDP$DEFAULTVIEW(1.0),01/12/22 23:00:00,Q,CP_MEUR,NSA,B1GQ,ES,2022-Q2,331422.0,p
ESTAT:NAMQ_10_GDP$DEFAULTVIEW(1.0),01/12/22 23:00:00,Q,CP_MEUR,NSA,B1GQ,ES,2022-Q3,325200.0,p
ESTAT:NAMQ_10_GDP$DEFAULTVIEW(1.0),01/12/22 23:00:00,Q,CP_MEUR,NSA,B1GQ,EU27_2020,2020-Q2,3093855.3,
ESTAT:NAMQ_10_GDP$DEFAULTVIEW(1.0),01/12/22 23:00:00,Q,CP_MEUR,NSA,B1GQ,EU27_2020,2020-Q3,3418239.0,
ESTAT:NAMQ_10_GDP$DEFAULTVIEW(1.0),01/12/22 23:00:00,Q,CP_MEUR,NSA,B1GQ,EU27_2020,2020-Q4,3587115.0,
ESTAT:NAMQ_10_GDP$DEFAULTVIEW(1.0),01/12/22 23:00:00,Q,CP_MEUR,NSA,B1GQ,EU27_2020,2021-Q1,3394071.5,
ESTAT:NAMQ_10_GDP$DEFAULTVIEW(1.0),01/12/22 23:00:00,Q,CP_MEUR,NSA,B1GQ,EU27_2020,2021-Q2,3574072.8,
ESTAT:NAMQ_10_GDP$DEFAULTVIEW(1.0),01/12/22 23:00:00,Q,CP_MEUR,NSA,B1GQ,EU27_2020,2021-Q3,3671256.2,
ESTAT:NAMQ_10_GDP$DEFAULTVIEW(1.0),01/12/22 23:00:00,Q,CP_MEUR,NSA,B1GQ,EU27_2020,2021-Q4,3882941.7,
ESTAT:NAMQ_10_GDP$DEFAULTVIEW(1.0),01/12/22 23:00:00,Q,CP_MEUR,NSA,B1GQ,EU27_2020,2022-Q1,3726784.9,
ESTAT:NAMQ_10_GDP$DEFAULTVIEW(1.0),01/12/22 23:00:00,Q,CP_MEUR,NSA,B1GQ,EU27_2020,2022-Q2,3906088.0,
ESTAT:NAMQ_10_GDP$DEFAULTVIEW(1.0),01/12/22 23:00:00,Q,CP_MEUR,NSA,B1GQ,FI,2020-Q2,57716.0,
ESTAT:NAMQ_10_GDP$DEFAULTVIEW(1.0),01/12/22 23:00:00,Q,CP_MEUR,NSA,B1GQ,FI,2020-Q3,59093.0,
ESTAT:NAMQ_10_GDP$DEFAULTVIEW(1.0),01/12/22 23:00:00,Q,CP_MEUR,NSA,B1GQ,FI,2020-Q4,62859.0,
ESTAT:NAMQ_10_GDP$DEFAULTVIEW(1.0),01/12/22 23:00:00,Q,CP_MEUR,NSA,B1GQ,FI,2021-Q1,57830.0,
ESTAT:NAMQ_10_GDP$DEFAULTVIEW(1.0),01/12/22 23:00:00,Q,CP_MEUR,NSA,B1GQ,FI,2021-Q2,62883.0,
ESTAT:NAMQ_10_GDP$DEFAULTVIEW(1.0),01/12/22 23:00:00,Q,CP_MEUR,NSA,B1GQ,FI,2021-Q3,62772.0,
ESTAT:NAMQ_10_GDP$DEFAULTVIEW(1.0),01/12/22 23:00:00,Q,CP_MEUR,NSA,B1GQ,FI,2021-Q4,67882.0,
ESTAT:NAMQ_10_GDP$DEFAULTVIEW(1.0),01/12/22 23:00:00,Q,CP_MEUR,NSA,B1GQ,FI,2022-Q1,63054.0,
ESTAT:NAMQ_10_GDP$DEFAULTVIEW(1.0),01/12/22 23:00:00,Q,CP_MEUR,NSA,B1GQ,FI,2022-Q2,68530.0,
ESTAT:NAMQ_10_GDP$DEFAULTVIEW(1.0),01/12/22 23:00:00,Q,CP_MEUR,NSA,B1GQ,FI,2022-Q3,67401.0,
ESTAT:NAMQ_10_GDP$DEFAULTVIEW(1.0),01/12/22 23:00:00,Q,CP_MEUR,NSA,B1GQ,FR,2020-Q2,524427.4,
ESTAT:NAMQ_10_GDP$DEFAULTVIEW(1.0),01/12/22 23:00:00,Q,CP_MEUR,NSA,B1GQ,FR,2020-Q3,586259.5,
ESTAT:NAMQ_10_GDP$DEFAULTVIEW(1.0),01/12/22 23:00:00,Q,CP_MEUR,NSA,B1GQ,FR,2020-Q4,617414.1,
ESTAT:NAMQ_10_GDP$DEFAULTVIEW(1.0),01/12/22 23:00:00,Q,CP_MEUR,NSA,B1GQ,FR,2021-Q1,604440.4,
ESTAT:NAMQ_10_GDP$DEFAULTVIEW(1.0),01/12/22 23:00:00,Q,CP_MEUR,NSA,B1GQ,FR,2021-Q2,616405.6,
ESTAT:NAMQ_10_GDP$DEFAULTVIEW(1.0),01/12/22 23:00:00,Q,CP_MEUR,NSA,B1GQ,FR,2021-Q3,623059.7,
ESTAT:NAMQ_10_GDP$DEFAULTVIEW(1.0),01/12/22 23:00:00,Q,CP_MEUR,NSA,B1GQ,FR,2021-Q4,656958.1,
ESTAT:NAMQ_10_GDP$DEFAULTVIEW(1.0),01/12/22 23:00:00,Q,CP_MEUR,NSA,B1GQ,FR,2022-Q1,643482.9,
ESTAT:NAMQ_10_GDP$DEFAULTVIEW(1.0),01/12/22 23:00:00,Q,CP_MEUR,NSA,B1GQ,FR,2022-Q2,655491.4,
ESTAT:NAMQ_10_GDP$DEFAULTVIEW(1.0),01/12/22 23:00:00,Q,CP_MEUR,NSA,B1GQ,FR,2022-Q3,651417.8,
ESTAT:NAMQ_10_GDP$DEFAULTVIEW(1.0),01/12/22 23:00:00,Q,CP_MEUR,NSA,B1GQ,HR,2020-Q2,11693.6,
ESTAT:NAMQ_10_GDP$DEFAULTVIEW(1.0),01/12/22 23:00:00,Q,CP_MEUR,NSA,B1GQ,HR,2020-Q3,13479.5,
ESTAT:NAMQ_10_GDP$DEFAULTVIEW(1.0),01/12/22 23:00:00,Q,CP_MEUR,NSA,B1GQ,HR,2020-Q4,12816.9,
ESTAT:NAMQ_10_GDP$DEFAULTVIEW(1.0),01/12/22 23:00:00,Q,CP_MEUR,NSA,B1GQ,HR,2021-Q1,12658.3,p
ESTAT:NAMQ_10_GDP$DEFAULTVIEW(1.0),01/12/22 23:00:00,Q,CP_MEUR,NSA,B1GQ,HR,2021-Q2,14376.3,p
ESTAT:NAMQ_10_GDP$DEFAULTVIEW(1.0),01/12/22 23:00:00,Q,CP_MEUR,NSA,B1GQ,HR,2021-Q3,16411.5,p
ESTAT:NAMQ_10_GDP$DEFAULTVIEW(1.0),01/12/22 23:00:00,Q,CP_MEUR,NSA,B1GQ,HR,2021-Q4,14823.2,p
ESTAT:NAMQ_10_GDP$DEFAULTVIEW(1.0),01/12/22 23:00:00,Q,CP_MEUR,NSA,B1GQ,HR,2022-Q1,14368.4,p
ESTAT:NAMQ_10_GDP$DEFAULTVIEW(1.0),01/12/22 23:00:00,Q,CP_MEUR,NSA,B1GQ,HR,2022-Q2,16853.6,p
ESTAT:NAMQ_10_GDP$DEFAULTVIEW(1.0),01/12/22 23:00:00,Q,CP_MEUR,NSA,B1GQ,HR,2022-Q3,18922.2,p
ESTAT:NAMQ_10_GDP$DEFAULTVIEW(1.0),01/12/22 23:00:00,Q,CP_MEUR,NSA,B1GQ,HU,2020-Q2,31231.4,p
ESTAT:NAMQ_10_GDP$DEFAULTVIEW(1.0),01/12/22 23:00:00,Q,CP_MEUR,NSA,B1GQ,HU,2020-Q3,35194.6,p
ESTAT:NAMQ_10_GDP$DEFAULTVIEW(1.0),01/12/22 23:00:00,Q,CP_MEUR,NSA,B1GQ,HU,2020-Q4,38452.2,p
ESTAT:NAMQ_10_GDP$DEFAULTVIEW(1.0),01/12/22 23:00:00,Q,CP_MEUR,NSA,B1GQ,HU,2021-Q1,31845.5,p
ESTAT:NAMQ_10_GDP$DEFAULTVIEW(1.0),01/12/22 23:00:00,Q,CP_MEUR,NSA,B1GQ,HU,2021-Q2,38777.8,p
ESTAT:NAMQ_10_GDP$DEFAULTVIEW(1.0),01/12/22 23:00:00,Q,CP_MEUR,NSA,B1GQ,HU,2021-Q3,39745.6,p
ESTAT:NAMQ_10_GDP$DEFAULTVIEW(1.0),01/12/22 23:00:00,Q,CP_MEUR,NSA,B1GQ,HU,2021-Q4,43386.6,p
ESTAT:NAMQ_10_GDP$DEFAULTVIEW(1.0),01/12/22 23:00:00,Q,CP_MEUR,NSA,B1GQ,HU,2022-Q1,37914.1,p
ESTAT:NAMQ_10_GDP$DEFAULTVIEW(1.0),01/12/22 23:00:00,Q,CP_MEUR,NSA,B1GQ,HU,2022-Q2,42502.2,p
ESTAT:NAMQ_10_GDP$DEFAULTVIEW(1.0),01/12/22 23:00:00,Q,CP_MEUR,NSA,B1GQ,HU,2022-Q3,43575.1,p
ESTAT:NAMQ_10_GDP$DEFAULTVIEW(1.0),01/12/22 23:00:00,Q,CP_MEUR,NSA,B1GQ,IE,2020-Q2,84665.3,
ESTAT:NAMQ_10_GDP$DEFAULTVIEW(1.0),01/12/22 23:00:00,Q,CP_MEUR,NSA,B1GQ,IE,2020-Q3,101102.2,
ESTAT:NAMQ_10_GDP$DEFAULTVIEW(1.0),01/12/22 23:00:00,Q,CP_MEUR,NSA,B1GQ,IE,2020-Q4,94036.0,
ESTAT:NAMQ_10_GDP$DEFAULTVIEW(1.0),01/12/22 23:00:00,Q,CP_MEUR,NSA,B1GQ,IE,2021-Q1,101222.2,
ESTAT:NAMQ_10_GDP$DEFAULTVIEW(1.0),01/12/22 23:00:00,Q,CP_MEUR,NSA,B1GQ,IE,2021-Q2,101483.3,
ESTAT:NAMQ_10_GDP$DEFAULTVIEW(1.0),01/12/22 23:00:00,Q,CP_MEUR,NSA,B1GQ,IE,2021-Q3,114867.9,
ESTAT:NAMQ_10_GDP$DEFAULTVIEW(1.0),01/12/22 23:00:00,Q,CP_MEUR,NSA,B1GQ,IE,2021-Q4,108710.1,
ESTAT:NAMQ_10_GDP$DEFAULTVIEW(1.0),01/12/22 23:00:00,Q,CP_MEUR,NSA,B1GQ,IE,2022-Q1,117115.4,
ESTAT:NAMQ_10_GDP$DEFAULTVIEW(1.0),01/12/22 23:00:00,Q,CP_MEUR,NSA,B1GQ,IE,2022-Q2,119457.1,
ESTAT:NAMQ_10_GDP$DEFAULTVIEW(1.0),01/12/22 23:00:00,Q,CP_MEUR,NSA,B1GQ,IS,2020-Q2,4531.7,
ESTAT:NAMQ_10_GDP$DEFAULTVIEW(1.0),01/12/22 23:00:00,Q,CP_MEUR,NSA,B1GQ,IS,2020-Q3,4648.4,
ESTAT:NAMQ_10_GDP$DEFAULTVIEW(1.0),01/12/22 23:00:00,Q,CP_MEUR,NSA,B1GQ,IS,2020-Q4,4903.2,
ESTAT:NAMQ_10_GDP$DEFAULTVIEW(1.0),01/12/22 23:00:00,Q,CP_MEUR,NSA,B1GQ,IS,2021-Q1,4697.1,
ESTAT:NAMQ_10_GDP$DEFAULTVIEW(1.0),01/12/22 23:00:00,Q,CP_MEUR,NSA,B1GQ,IS,2021-Q2,5291.5,
ESTAT:NAMQ_10_GDP$DEFAULTVIEW(1.0),01/12/22 23:00:00,Q,CP_MEUR,NSA,B1GQ,IS,2021-Q3,5742.4,
ESTAT:NAMQ_10_GDP$DEFAULTVIEW(1.0),01/12/22 23:00:00,Q,CP_MEUR,NSA,B1GQ,IS,2021-Q4,5943.4,
ESTAT:NAMQ_10_GDP$DEFAULTVIEW(1.0),01/12/22 23:00:00,Q,CP_MEUR,NSA,B1GQ,IS,2022-Q1,5949.5,
ESTAT:NAMQ_10_GDP$DEFAULTVIEW(1.0),01/12/22 23:00:00,Q,CP_MEUR,NSA,B1GQ,IS,2022-Q2,6592.9,
ESTAT:NAMQ_10_GDP$DEFAULTVIEW(1.0),01/12/22 23:00:00,Q,CP_MEUR,NSA,B1GQ,IS,2022-Q3,7133.9,
ESTAT:NAMQ_10_GDP$DEFAULTVIEW(1.0),01/12/22 23:00:00,Q,CP_MEUR,NSA,B1GQ,IT,2020-Q2,374747.8,
ESTAT:NAMQ_10_GDP$DEFAULTVIEW(1.0),01/12/22 23:00:00,Q,CP_MEUR,NSA,B1GQ,IT,2020-Q3,425747.3,
ESTAT:NAMQ_10_GDP$DEFAULTVIEW(1.0),01/12/22 23:00:00,Q,CP_MEUR,NSA,B1GQ,IT,2020-Q4,455502.2,
ESTAT:NAMQ_10_GDP$DEFAULTVIEW(1.0),01/12/22 23:00:00,Q,CP_MEUR,NSA,B1GQ,IT,2021-Q1,412230.4,
ESTAT:NAMQ_10_GDP$DEFAULTVIEW(1.0),01/12/22 23:00:00,Q,CP_MEUR,NSA,B1GQ,IT,2021-Q2,439981.9,
ESTAT:NAMQ_10_GDP$DEFAULTVIEW(1.0),01/12/22 23:00:00,Q,CP_MEUR,NSA,B1GQ,IT,2021-Q3,448380.8,
ESTAT:NAMQ_10_GDP$DEFAULTVIEW(1.0),01/12/22 23:00:00,Q,CP_MEUR,NSA,B1GQ,IT,2021-Q4,481457.5,
ESTAT:NAMQ_10_GDP$DEFAULTVIEW(1.0),01/12/22 23:00:00,Q,CP_MEUR,NSA,B1GQ,IT,2022-Q1,441234.4,
ESTAT:NAMQ_10_GDP$DEFAULTVIEW(1.0),01/12/22 23:00:00,Q,CP_MEUR,NSA,B1GQ,IT,2022-Q2,470414.9,
ESTAT:NAMQ_10_GDP$DEFAULTVIEW(1.0),01/12/22 23:00:00,Q,CP_MEUR,NSA,B1GQ,IT,2022-Q3,468884.7,
ESTAT:NAMQ_10_GDP$DEFAULTVIEW(1.0),01/12/22 23:00:00,Q,CP_MEUR,NSA,B1GQ,LT,2020-Q2,11825.5,
ESTAT:NAMQ_10_GDP$DEFAULTVIEW(1.0),01/12/22 23:00:00,Q,CP_MEUR,NSA,B1GQ,LT,2020-Q3,13516.1,
ESTAT:NAMQ_10_GDP$DEFAULTVIEW(1.0),01/12/22 23:00:00,Q,CP_MEUR,NSA,B1GQ,LT,2020-Q4,12998.0,
ESTAT:NAMQ_10_GDP$DEFAULTVIEW(1.0),01/12/22 23:00:00,Q,CP_MEUR,NSA,B1GQ,LT,2021-Q1,12064.6,
ESTAT:NAMQ_10_GDP$DEFAULTVIEW(1.0),01/12/22 23:00:00,Q,CP_MEUR,NSA,B1GQ,LT,2021-Q2,13760.3,
ESTAT:NAMQ_10_GDP$DEFAULTVIEW(1.0),01/12/22 23:00:00,Q,CP_MEUR,NSA,B1GQ,LT,2021-Q3,15304.8,
ESTAT:NAMQ_10_GDP$DEFAULTVIEW(1.0),01/12/22 23:00:00,Q,CP_MEUR,NSA,B1GQ,LT,2021-Q4,15049.3,
ESTAT:NAMQ_10_GDP$DEFAULTVIEW(1.0),01/12/22 23:00:00,Q,CP_MEUR,NSA,B1GQ,LT,2022-Q1,14492.1,
ESTAT:NAMQ_10_GDP$DEFAULTVIEW(1.0),01/12/22 23:00:00,Q,CP_MEUR,NSA,B1GQ,LT,2022-Q2,16285.0,
ESTAT:NAMQ_10_GDP$DEFAULTVIEW(1.0),01/12/22 23:00:00,Q,CP_MEUR,NSA,B1GQ,LT,2022-Q3,18839.6,
ESTAT:NAMQ_10_GDP$DEFAULTVIEW(1.0),01/12/22 23:00:00,Q,CP_MEUR,NSA,B1GQ,LU,2020-Q2,15398.9,
ESTAT:NAMQ_10_GDP$DEFAULTVIEW(1.0),01/12/22 23:00:00,Q,CP_MEUR,NSA,B1GQ,LU,2020-Q3,16048.5,
ESTAT:NAMQ_10_GDP$DEFAULTVIEW(1.0),01/12/22 23:00:00,Q,CP_MEUR,NSA,B1GQ,LU,2020-Q4,17835.5,
ESTAT:NAMQ_10_GDP$DEFAULTVIEW(1.0),01/12/22 23:00:00,Q,CP_MEUR,NSA,B1GQ,LU,2021-Q1,16685.8,
ESTAT:NAMQ_10_GDP$DEFAULTVIEW(1.0),01/12/22 23:00:00,Q,CP_MEUR,NSA,B1GQ,LU,2021-Q2,17546.1,
ESTAT:NAMQ_10_GDP$DEFAULTVIEW(1.0),01/12/22 23:00:00,Q,CP_MEUR,NSA,B1GQ,LU,2021-Q3,17796.1,
ESTAT:NAMQ_10_GDP$DEFAULTVIEW(1.0),01/12/22 23:00:00,Q,CP_MEUR,NSA,B1GQ,LU,2021-Q4,20267.0,
ESTAT:NAMQ_10_GDP$DEFAULTVIEW(1.0),01/12/22 23:00:00,Q,CP_MEUR,NSA,B1GQ,LU,2022-Q1,18675.9,p
ESTAT:NAMQ_10_GDP$DEFAULTVIEW(1.0),01/12/22 23:00:00,Q,CP_MEUR,NSA,B1GQ,LU,2022-Q2,19461.6,p
ESTAT:NAMQ_10_GDP$DEFAULTVIEW(1.0),01/12/22 23:00:00,Q,CP_MEUR,NSA,B1GQ,LU,2022-Q3,19607.0,p
ESTAT:NAMQ_10_GDP$DEFAULTVIEW(1.0),01/12/22 23:00:00,Q,CP_MEUR,NSA,B1GQ,LV,2020-Q2,7148.9,
ESTAT:NAMQ_10_GDP$DEFAULTVIEW(1.0),01/12/22 23:00:00,Q,CP_MEUR,NSA,B1GQ,LV,2020-Q3,8013.1,
ESTAT:NAMQ_10_GDP$DEFAULTVIEW(1.0),01/12/22 23:00:00,Q,CP_MEUR,NSA,B1GQ,LV,2020-Q4,8152.0,
ESTAT:NAMQ_10_GDP$DEFAULTVIEW(1.0),01/12/22 23:00:00,Q,CP_MEUR,NSA,B1GQ,LV,2021-Q1,7103.2,
ESTAT:NAMQ_10_GDP$DEFAULTVIEW(1.0),01/12/22 23:00:00,Q,CP_MEUR,NSA,B1GQ,LV,2021-Q2,8272.9,
ESTAT:NAMQ_10_GDP$DEFAULTVIEW(1.0),01/12/22 23:00:00,Q,CP_MEUR,NSA,B1GQ,LV,2021-Q3,9052.8,
ESTAT:NAMQ_10_GDP$DEFAULTVIEW(1.0),01/12/22 23:00:00,Q,CP_MEUR,NSA,B1GQ,LV,2021-Q4,9267.0,
ESTAT:NAMQ_10_GDP$DEFAULTVIEW(1.0),01/12/22 23:00:00,Q,CP_MEUR,NSA,B1GQ,LV,2022-Q1,8362.5,
ESTAT:NAMQ_10_GDP$DEFAULTVIEW(1.0),01/12/22 23:00:00,Q,CP_MEUR,NSA,B1GQ,LV,2022-Q2,9742.9,
ESTAT:NAMQ_10_GDP$DEFAULTVIEW(1.0),01/12/22 23:00:00,Q,CP_MEUR,NSA,B1GQ,LV,2022-Q3,10408.8,
ESTAT:NAMQ_10_GDP$DEFAULTVIEW(1.0),01/12/22 23:00:00,Q,CP_MEUR,NSA,B1GQ,ME,2020-Q2,900.9,
ESTAT:NAMQ_10_GDP$DEFAULTVIEW(1.0),01/12/22 23:00:00,Q,CP_MEUR,NSA,B1GQ,ME,2020-Q3,1210.9,
ESTAT:NAMQ_10_GDP$DEFAULTVIEW(1.0),01/12/22 23:00:00,Q,CP_MEUR,NSA,B1GQ,ME,2020-Q4,1157.4,
ESTAT:NAMQ_10_GDP$DEFAULTVIEW(1.0),01/12/22 23:00:00,Q,CP_MEUR,NSA,B1GQ,ME,2021-Q1,879.9,
ESTAT:NAMQ_10_GDP$DEFAULTVIEW(1.0),01/12/22 23:00:00,Q,CP_MEUR,NSA,B1GQ,ME,2021-Q2,1137.7,
ESTAT:NAMQ_10_GDP$DEFAULTVIEW(1.0),01/12/22 23:00:00,Q,CP_MEUR,NSA,B1GQ,ME,2021-Q3,1598.9,
ESTAT:NAMQ_10_GDP$DEFAULTVIEW(1.0),01/12/22 23:00:00,Q,CP_MEUR,NSA,B1GQ,ME,2021-Q4,1338.6,
ESTAT:NAMQ_10_GDP$DEFAULTVIEW(1.0),01/12/22 23:00:00,Q,CP_MEUR,NSA,B1GQ,ME,2022-Q1,1032.0,
ESTAT:NAMQ_10_GDP$DEFAULTVIEW(1.0),01/12/22 23:00:00,Q,CP_MEUR,NSA,B1GQ,ME,2022-Q2,1395.8,
ESTAT:NAMQ_10_GDP$DEFAULTVIEW(1.0),01/12/22 23:00:00,Q,CP_MEUR,NSA,B1GQ,MK,2020-Q2,2295.4,p
ESTAT:NAMQ_10_GDP$DEFAULTVIEW(1.0),01/12/22 23:00:00,Q,CP_MEUR,NSA,B1GQ,MK,2020-Q3,2749.5,p
ESTAT:NAMQ_10_GDP$DEFAULTVIEW(1.0),01/12/22 23:00:00,Q,CP_MEUR,NSA,B1GQ,MK,2020-Q4,3008.3,p
ESTAT:NAMQ_10_GDP$DEFAULTVIEW(1.0),01/12/22 23:00:00,Q,CP_MEUR,NSA,B1GQ,MK,2021-Q1,2601.9,e
ESTAT:NAMQ_10_GDP$DEFAULTVIEW(1.0),01/12/22 23:00:00,Q,CP_MEUR,NSA,B1GQ,MK,2021-Q2,2796.9,e
ESTAT:NAMQ_10_GDP$DEFAULTVIEW(1.0),01/12/22 23:00:00,Q,CP_MEUR,NSA,B1GQ,MK,2021-Q3,2966.7,e
ESTAT:NAMQ_10_GDP$DEFAULTVIEW(1.0),01/12/22 23:00:00,Q,CP_MEUR,NSA,B1GQ,MK,2021-Q4,3368.2,e
ESTAT:NAMQ_10_GDP$DEFAULTVIEW(1.0),01/12/22 23:00:00,Q,CP_MEUR,NSA,B1GQ,MK,2022-Q1,2931.2,e
ESTAT:NAMQ_10_GDP$DEFAULTVIEW(1.0),01/12/22 23:00:00,Q,CP_MEUR,NSA,B1GQ,MK,2022-Q2,3290.0,e
ESTAT:NAMQ_10_GDP$DEFAULTVIEW(1.0),01/12/22 23:00:00,Q,CP_MEUR,NSA,B1GQ,MT,2020-Q2,3030.8,
ESTAT:NAMQ_10_GDP$DEFAULTVIEW(1.0),01/12/22 23:00:00,Q,CP_MEUR,NSA,B1GQ,MT,2020-Q3,3310.6,
ESTAT:NAMQ_10_GDP$DEFAULTVIEW(1.0),01/12/22 23:00:00,Q,CP_MEUR,NSA,B1GQ,MT,2020-Q4,3359.6,
ESTAT:NAMQ_10_GDP$DEFAULTVIEW(1.0),01/12/22 23:00:00,Q,CP_MEUR,NSA,B1GQ,MT,2021-Q1,3414.7,
ESTAT:NAMQ_10_GDP$DEFAULTVIEW(1.0),01/12/22 23:00:00,Q,CP_MEUR,NSA,B1GQ,MT,2021-Q2,3573.8,
ESTAT:NAMQ_10_GDP$DEFAULTVIEW(1.0),01/12/22 23:00:00,Q,CP_MEUR,NSA,B1GQ,MT,2021-Q3,3850.8,
ESTAT:NAMQ_10_GDP$DEFAULTVIEW(1.0),01/12/22 23:00:00,Q,CP_MEUR,NSA,B1GQ,MT,2021-Q4,3842.0,
ESTAT:NAMQ_10_GDP$DEFAULTVIEW(1.0),01/12/22 23:00:00,Q,CP_MEUR,NSA,B1GQ,MT,2022-Q1,3817.6,
ESTAT:NAMQ_10_GDP$DEFAULTVIEW(1.0),01/12/22 23:00:00,Q,CP_MEUR,NSA,B1GQ,MT,2022-Q2,4100.4,
ESTAT:NAMQ_10_GDP$DEFAULTVIEW(1.0),01/12/22 23:00:00,Q,CP_MEUR,NSA,B1GQ,NL,2020-Q2,192370.0,p
ESTAT:NAMQ_10_GDP$DEFAULTVIEW(1.0),01/12/22 23:00:00,Q,CP_MEUR,NSA,B1GQ,NL,2020-Q3,197080.0,p
ESTAT:NAMQ_10_GDP$DEFAULTVIEW(1.0),01/12/22 23:00:00,Q,CP_MEUR,NSA,B1GQ,NL,2020-Q4,206049.0,p
ESTAT:NAMQ_10_GDP$DEFAULTVIEW(1.0),01/12/22 23:00:00,Q,CP_MEUR,NSA,B1GQ,NL,2021-Q1,201099.0,p
ESTAT:NAMQ_10_GDP$DEFAULTVIEW(1.0),01/12/22 23:00:00,Q,CP_MEUR,NSA,B1GQ,NL,2021-Q2,216953.0,p
ESTAT:NAMQ_10_GDP$DEFAULTVIEW(1.0),01/12/22 23:00:00,Q,CP_MEUR,NSA,B1GQ,NL,2021-Q3,214001.0,p
ESTAT:NAMQ_10_GDP$DEFAULTVIEW(1.0),01/12/22 23:00:00,Q,CP_MEUR,NSA,B1GQ,NL,2021-Q4,224303.0,p
ESTAT:NAMQ_10_GDP$DEFAULTVIEW(1.0),01/12/22 23:00:00,Q,CP_MEUR,NSA,B1GQ,NL,2022-Q1,224476.0,p
ESTAT:NAMQ_10_GDP$DEFAULTVIEW(1.0),01/12/22 23:00:00,Q,CP_MEUR,NSA,B1GQ,NL,2022-Q2,236773.0,p
ESTAT:NAMQ_10_GDP$DEFAULTVIEW(1.0),01/12/22 23:00:00,Q,CP_MEUR,NSA,B1GQ,NL,2022-Q3,232935.0,p
ESTAT:NAMQ_10_GDP$DEFAULTVIEW(1.0),01/12/22 23:00:00,Q,CP_MEUR,NSA,B1GQ,NO,2020-Q2,73129.3,
ESTAT:NAMQ_10_GDP$DEFAULTVIEW(1.0),01/12/22 23:00:00,Q,CP_MEUR,NSA,B1GQ,NO,2020-Q3,78133.3,
ESTAT:NAMQ_10_GDP$DEFAULTVIEW(1.0),01/12/22 23:00:00,Q,CP_MEUR,NSA,B1GQ,NO,2020-Q4,85262.3,
ESTAT:NAMQ_10_GDP$DEFAULTVIEW(1.0),01/12/22 23:00:00,Q,CP_MEUR,NSA,B1GQ,NO,2021-Q1,91290.3,
ESTAT:NAMQ_10_GDP$DEFAULTVIEW(1.0),01/12/22 23:00:00,Q,CP_MEUR,NSA,B1GQ,NO,2021-Q2,96017.6,
ESTAT:NAMQ_10_GDP$DEFAULTVIEW(1.0),01/12/22 23:00:00,Q,CP_MEUR,NSA,B1GQ,NO,2021-Q3,101107.4,
ESTAT:NAMQ_10_GDP$DEFAULTVIEW(1.0),01/12/22 23:00:00,Q,CP_MEUR,NSA,B1GQ,NO,2021-Q4,126282.8,
ESTAT:NAMQ_10_GDP$DEFAULTVIEW(1.0),01/12/22 23:00:00,Q,CP_MEUR,NSA,B1GQ,NO,2022-Q1,134517.3,
ESTAT:NAMQ_10_GDP$DEFAULTVIEW(1.0),01/12/22 23:00:00,Q,CP_MEUR,NSA,B1GQ,NO,2022-Q2,132119.6,
ESTAT:NAMQ_10_GDP$DEFAULTVIEW(1.0),01/12/22 23:00:00,Q,CP_MEUR,NSA,B1GQ,NO,2022-Q3,154356.0,
ESTAT:NAMQ_10_GDP$DEFAULTVIEW(1.0),01/12/22 23:00:00,Q,CP_MEUR,NSA,B1GQ,PL,2020-Q2,117496.6,
ESTAT:NAMQ_10_GDP$DEFAULTVIEW(1.0),01/12/22 23:00:00,Q,CP_MEUR,NSA,B1GQ,PL,2020-Q3,132646.4,
ESTAT:NAMQ_10_GDP$DEFAULTVIEW(1.0),01/12/22 23:00:00,Q,CP_MEUR,NSA,B1GQ,PL,2020-Q4,146495.8,
ESTAT:NAMQ_10_GDP$DEFAULTVIEW(1.0),01/12/22 23:00:00,Q,CP_MEUR,NSA,B1GQ,PL,2021-Q1,130755.9,
ESTAT:NAMQ_10_GDP$DEFAULTVIEW(1.0),01/12/22 23:00:00,Q,CP_MEUR,NSA,B1GQ,PL,2021-Q2,136982.5,
ESTAT:NAMQ_10_GDP$DEFAULTVIEW(1.0),01/12/22 23:00:00,Q,CP_MEUR,NSA,B1GQ,PL,2021-Q3,145386.6,
ESTAT:NAMQ_10_GDP$DEFAULTVIEW(1.0),01/12/22 23:00:00,Q,CP_MEUR,NSA,B1GQ,PL,2021-Q4,161417.5,
ESTAT:NAMQ_10_GDP$DEFAULTVIEW(1.0),01/12/22 23:00:00,Q,CP_MEUR,NSA,B1GQ,PL,2022-Q1,149585.2,
ESTAT:NAMQ_10_GDP$DEFAULTVIEW(1.0),01/12/22 23:00:00,Q,CP_MEUR,NSA,B1GQ,PL,2022-Q2,155612.8,
ESTAT:NAMQ_10_GDP$DEFAULTVIEW(1.0),01/12/22 23:00:00,Q,CP_MEUR,NSA,B1GQ,PT,2020-Q2,45634.6,p
ESTAT:NAMQ_10_GDP$DEFAULTVIEW(1.0),01/12/22 23:00:00,Q,CP_MEUR,NSA,B1GQ,PT,2020-Q3,51666.2,p
ESTAT:NAMQ_10_GDP$DEFAULTVIEW(1.0),01/12/22 23:00:00,Q,CP_MEUR,NSA,B1GQ,PT,2020-Q4,52569.3,p
ESTAT:NAMQ_10_GDP$DEFAULTVIEW(1.0),01/12/22 23:00:00,Q,CP_MEUR,NSA,B1GQ,PT,2021-Q1,49247.8,p
ESTAT:NAMQ_10_GDP$DEFAULTVIEW(1.0),01/12/22 23:00:00,Q,CP_MEUR,NSA,B1GQ,PT,2021-Q2,53267.8,p
ESTAT:NAMQ_10_GDP$DEFAULTVIEW(1.0),01/12/22 23:00:00,Q,CP_MEUR,NSA,B1GQ,PT,2021-Q3,55223.1,p
ESTAT:NAMQ_10_GDP$DEFAULTVIEW(1.0),01/12/22 23:00:00,Q,CP_MEUR,NSA,B1GQ,PT,2021-Q4,56732.0,p
ESTAT:NAMQ_10_GDP$DEFAULTVIEW(1.0),01/12/22 23:00:00,Q,CP_MEUR,NSA,B1GQ,PT,2022-Q1,55972.2,p
ESTAT:NAMQ_10_GDP$DEFAULTVIEW(1.0),01/12/22 23:00:00,Q,CP_MEUR,NSA,B1GQ,PT,2022-Q2,59552.5,p
ESTAT:NAMQ_10_GDP$DEFAULTVIEW(1.0),01/12/22 23:00:00,Q,CP_MEUR,NSA,B1GQ,PT,2022-Q3,60808.5,p
ESTAT:NAMQ_10_GDP$DEFAULTVIEW(1.0),01/12/22 23:00:00,Q,CP_MEUR,NSA,B1GQ,RO,2020-Q2,46874.4,
ESTAT:NAMQ_10_GDP$DEFAULTVIEW(1.0),01/12/22 23:00:00,Q,CP_MEUR,NSA,B1GQ,RO,2020-Q3,59626.6,
ESTAT:NAMQ_10_GDP$DEFAULTVIEW(1.0),01/12/22 23:00:00,Q,CP_MEUR,NSA,B1GQ,RO,2020-Q4,68100.3,
ESTAT:NAMQ_10_GDP$DEFAULTVIEW(1.0),01/12/22 23:00:00,Q,CP_MEUR,NSA,B1GQ,RO,2021-Q1,46739.0,p
ESTAT:NAMQ_10_GDP$DEFAULTVIEW(1.0),01/12/22 23:00:00,Q,CP_MEUR,NSA,B1GQ,RO,2021-Q2,55870.1,p
ESTAT:NAMQ_10_GDP$DEFAULTVIEW(1.0),01/12/22 23:00:00,Q,CP_MEUR,NSA,B1GQ,RO,2021-Q3,65172.7,p
ESTAT:NAMQ_10_GDP$DEFAULTVIEW(1.0),01/12/22 23:00:00,Q,CP_MEUR,NSA,B1GQ,RO,2021-Q4,72204.9,p
ESTAT:NAMQ_10_GDP$DEFAULTVIEW(1.0),01/12/22 23:00:00,Q,CP_MEUR,NSA,B1GQ,RO,2022-Q1,55358.2,p
ESTAT:NAMQ_10_GDP$DEFAULTVIEW(1.0),01/12/22 23:00:00,Q,CP_MEUR,NSA,B1GQ,RO,2022-Q2,67954.8,p
ESTAT:NAMQ_10_GDP$DEFAULTVIEW(1.0),01/12/22 23:00:00,Q,CP_MEUR,NSA,B1GQ,RS,2020-Q2,10889.1,
ESTAT:NAMQ_10_GDP$DEFAULTVIEW(1.0),01/12/22 23:00:00,Q,CP_MEUR,NSA,B1GQ,RS,2020-Q3,12004.1,
ESTAT:NAMQ_10_GDP$DEFAULTVIEW(1.0),01/12/22 23:00:00,Q,CP_MEUR,NSA,B1GQ,RS,2020-Q4,12736.4,
ESTAT:NAMQ_10_GDP$DEFAULTVIEW(1.0),01/12/22 23:00:00,Q,CP_MEUR,NSA,B1GQ,RS,2021-Q1,11610.3,p
ESTAT:NAMQ_10_GDP$DEFAULTVIEW(1.0),01/12/22 23:00:00,Q,CP_MEUR,NSA,B1GQ,RS,2021-Q2,13029.1,p
ESTAT:NAMQ_10_GDP$DEFAULTVIEW(1.0),01/12/22 23:00:00,Q,CP_MEUR,NSA,B1GQ,RS,2021-Q3,13819.1,p
ESTAT:NAMQ_10_GDP$DEFAULTVIEW(1.0),01/12/22 23:00:00,Q,CP_MEUR,NSA,B1GQ,RS,2021-Q4,14859.0,p
ESTAT:NAMQ_10_GDP$DEFAULTVIEW(1.0),01/12/22 23:00:00,Q,CP_MEUR,NSA,B1GQ,RS,2022-Q1,13054.6,p
ESTAT:NAMQ_10_GDP$DEFAULTVIEW(1.0),01/12/22 23:00:00,Q,CP_MEUR,NSA,B1GQ,RS,2022-Q2,14838.4,p
ESTAT:NAMQ_10_GDP$DEFAULTVIEW(1.0),01/12/22 23:00:00,Q,CP_MEUR,NSA,B1GQ,SE,2020-Q2,115359.3,
ESTAT:NAMQ_10_GDP$DEFAULTVIEW(1.0),01/12/22 23:00:00,Q,CP_MEUR,NSA,B1GQ,SE,2020-Q3,117367.3,
ESTAT:NAMQ_10_GDP$DEFAULTVIEW(1.0),01/12/22 23:00:00,Q,CP_MEUR,NSA,B1GQ,SE,2020-Q4,130876.0,
ESTAT:NAMQ_10_GDP$DEFAULTVIEW(1.0),01/12/22 23:00:00,Q,CP_MEUR,NSA,B1GQ,SE,2021-Q1,125526.2,
ESTAT:NAMQ_10_GDP$DEFAULTVIEW(1.0),01/12/22 23:00:00,Q,CP_MEUR,NSA,B1GQ,SE,2021-Q2,135083.3,
ESTAT:NAMQ_10_GDP$DEFAULTVIEW(1.0),01/12/22 23:00:00,Q,CP_MEUR,NSA,B1GQ,SE,2021-Q3,129176.7,
ESTAT:NAMQ_10_GDP$DEFAULTVIEW(1.0),01/12/22 23:00:00,Q,CP_MEUR,NSA,B1GQ,SE,2021-Q4,147570.9,
ESTAT:NAMQ_10_GDP$DEFAULTVIEW(1.0),01/12/22 23:00:00,Q,CP_MEUR,NSA,B1GQ,SE,2022-Q1,130976.7,
ESTAT:NAMQ_10_GDP$DEFAULTVIEW(1.0),01/12/22 23:00:00,Q,CP_MEUR,NSA,B1GQ,SE,2022-Q2,144474.8,
ESTAT:NAMQ_10_GDP$DEFAULTVIEW(1.0),01/12/22 23:00:00,Q,CP_MEUR,NSA,B1GQ,SI,2020-Q2,11033.9,
ESTAT:NAMQ_10_GDP$DEFAULTVIEW(1.0),01/12/22 23:00:00,Q,CP_MEUR,NSA,B1GQ,SI,2020-Q3,12308.4,
ESTAT:NAMQ_10_GDP$DEFAULTVIEW(1.0),01/12/22 23:00:00,Q,CP_MEUR,NSA,B1GQ,SI,2020-Q4,12298.1,
ESTAT:NAMQ_10_GDP$DEFAULTVIEW(1.0),01/12/22 23:00:00,Q,CP_MEUR,NSA,B1GQ,SI,2021-Q1,11605.6,
ESTAT:NAMQ_10_GDP$DEFAULTVIEW(1.0),01/12/22 23:00:00,Q,CP_MEUR,NSA,B1GQ,SI,2021-Q2,13110.3,
ESTAT:NAMQ_10_GDP$DEFAULTVIEW(1.0),01/12/22 23:00:00,Q,CP_MEUR,NSA,B1GQ,SI,2021-Q3,13483.0,
ESTAT:NAMQ_10_GDP$DEFAULTVIEW(1.0),01/12/22 23:00:00,Q,CP_MEUR,NSA,B1GQ,SI,2021-Q4,14009.2,
ESTAT:NAMQ_10_GDP$DEFAULTVIEW(1.0),01/12/22 23:00:00,Q,CP_MEUR,NSA,B1GQ,SI,2022-Q1,13289.8,
ESTAT:NAMQ_10_GDP$DEFAULTVIEW(1.0),01/12/22 23:00:00,Q,CP_MEUR,NSA,B1GQ,SI,2022-Q2,15041.0,
ESTAT:NAMQ_10_GDP$DEFAULTVIEW(1.0),01/12/22 23:00:00,Q,CP_MEUR,NSA,B1GQ,SI,2022-Q3,15418.3,
ESTAT:NAMQ_10_GDP$DEFAULTVIEW(1.0),01/12/22 23:00:00,Q,CP_MEUR,NSA,B1GQ,SK,2020-Q2,21845.9,
ESTAT:NAMQ_10_GDP$DEFAULTVIEW(1.0),01/12/22 23:00:00,Q,CP_MEUR,NSA,B1GQ,SK,2020-Q3,24934.7,
ESTAT:NAMQ_10_GDP$DEFAULTVIEW(1.0),01/12/22 23:00:00,Q,CP_MEUR,NSA,B1GQ,SK,2020-Q4,24675.9,
ESTAT:NAMQ_10_GDP$DEFAULTVIEW(1.0),01/12/22 23:00:00,Q,CP_MEUR,NSA,B1GQ,SK,2021-Q1,22081.1,
ESTAT:NAMQ_10_GDP$DEFAULTVIEW(1.0),01/12/22 23:00:00,Q,CP_MEUR,NSA,B1GQ,SK,2021-Q2,24482.3,
ESTAT:NAMQ_10_GDP$DEFAULTVIEW(1.0),01/12/22 23:00:00,Q,CP_MEUR,NSA,B1GQ,SK,2021-Q3,26024.8,
ESTAT:NAMQ_10_GDP$DEFAULTVIEW(1.0),01/12/22 23:00:00,Q,CP_MEUR,NSA,B1GQ,SK,2021-Q4,25934.7,
ESTAT:NAMQ_10_GDP$DEFAULTVIEW(1.0),01/12/22 23:00:00,Q,CP_MEUR,NSA,B1GQ,SK,2022-Q1,24076.0,
ESTAT:NAMQ_10_GDP$DEFAULTVIEW(1.0),01/12/22 23:00:00,Q,CP_MEUR,NSA,B1GQ,SK,2022-Q2,26806.8,
ESTAT:NAMQ_10_GDP$DEFAULTVIEW(1.0),01/12/22 23:00:00,Q,CP_MEUR,NSA,B1GQ,SK,2022-Q3,28313.4,
ESTAT:NAMQ_10_GDP$DEFAULTVIEW(1.0),01/12/22 23:00:00,Q,CP_MEUR,NSA,B1GQ,TR,2020-Q2,137085.4,
ESTAT:NAMQ_10_GDP$DEFAULTVIEW(1.0),01/12/22 23:00:00,Q,CP_MEUR,NSA,B1GQ,TR,2020-Q3,167320.1,
ESTAT:NAMQ_10_GDP$DEFAULTVIEW(1.0),01/12/22 23:00:00,Q,CP_MEUR,NSA,B1GQ,TR,2020-Q4,162211.4,
ESTAT:NAMQ_10_GDP$DEFAULTVIEW(1.0),01/12/22 23:00:00,Q,CP_MEUR,NSA,B1GQ,TR,2021-Q1,156571.8,
ESTAT:NAMQ_10_GDP$DEFAULTVIEW(1.0),01/12/22 23:00:00,Q,CP_MEUR,NSA,B1GQ,TR,2021-Q2,157253.1,
ESTAT:NAMQ_10_GDP$DEFAULTVIEW(1.0),01/12/22 23:00:00,Q,CP_MEUR,NSA,B1GQ,TR,2021-Q3,191801.6,
ESTAT:NAMQ_10_GDP$DEFAULTVIEW(1.0),01/12/22 23:00:00,Q,CP_MEUR,NSA,B1GQ,TR,2021-Q4,181286.7,
ESTAT:NAMQ_10_GDP$DEFAULTVIEW(1.0),01/12/22 23:00:00,Q,CP_MEUR,NSA,B1GQ,TR,2022-Q1,159998.5,
ESTAT:NAMQ_10_GDP$DEFAULTVIEW(1.0),01/12/22 23:00:00,Q,CP_MEUR,NSA,B1GQ,TR,2022-Q2,202874.7,
ESTAT:NAMQ_10_GDP$DEFAULTVIEW(1.0),01/12/22 23:00:00,Q,CP_MEUR,NSA,B1GQ,UK,2020-Q2,530595.8,
ESTAT:NAMQ_10_GDP$DEFAULTVIEW(1.0),01/12/22 23:00:00,Q,CP_MEUR,NSA,B1GQ,UK,2020-Q3,580977.6,
ESTAT:NAMQ_10_GDP$DEFAULTVIEW(1.0),01/12/22 23:00:00,Q,CP_MEUR,NSA,B1GQ,XK,2020-Q2,1594.3,
ESTAT:NAMQ_10_GDP$DEFAULTVIEW(1.0),01/12/22 23:00:00,Q,CP_MEUR,NSA,B1GQ,XK,2020-Q3,1834.2,
ESTAT:NAMQ_10_GDP$DEFAULTVIEW(1.0),01/12/22 23:00:00,Q,CP_MEUR,NSA,B1GQ,XK,2020-Q4,1845.8,
ESTAT:NAMQ_10_GDP$DEFAULTVIEW(1.0),01/12/22 23:00:00,Q,CP_MEUR,NSA,B1GQ,XK,2021-Q1,1628.5,
ESTAT:NAMQ_10_GDP$DEFAULTVIEW(1.0),01/12/22 23:00:00,Q,CP_MEUR,NSA,B1GQ,XK,2021-Q2,1925.6,
ESTAT:NAMQ_10_GDP$DEFAULTVIEW(1.0),01/12/22 23:00:00,Q,CP_MEUR,NSA,B1GQ,XK,2021-Q3,2234.1,
ESTAT:NAMQ_10_GDP$DEFAULTVIEW(1.0),01/12/22 23:00:00,Q,CP_MEUR,NSA,B1GQ,XK,2021-Q4,2169.7,
ESTAT:NAMQ_10_GDP$DEFAULTVIEW(1.0),01/12/22 23:00:00,Q,CP_MEUR,NSA,B1GQ,XK,2022-Q1,1799.2,p
ESTAT:NAMQ_10_GDP$DEFAULTVIEW(1.0),01/12/22 23:00:00,Q,CP_MEUR,NSA,B1GQ,XK,2022-Q2,2111.4,p
